q,eps,B_i,mu_i,sig_i,thresh,mean_abs_belief,score,N_i
0.05,0.35,-0.38996008172341284,2.3741935483870966,1.0420103838054477,0.5322168137473082,0.7087199861452762,4.0,155.0
0.1786,0.35,-0.4589575703839221,2.216867469879518,0.8221070896015412,0.5150945736855667,0.6693915111387743,8.0,166.0
0.3071,0.35,-0.34425291405889746,2.1028571428571428,1.0258058057061328,0.49379487685105233,0.6127411387591921,25.0,175.0
0.4357,0.35,-0.36047527302021704,1.7621359223300972,0.828335153881681,0.4683789335187336,0.6286438679848242,46.0,206.0
0.5643,0.35,-0.2983995556618193,1.5269709543568464,0.8251108030626096,0.44311070772453115,0.6300963975382977,62.0,241.0
0.6929,0.35,-0.27388144851848195,1.4603174603174602,0.8323879747382155,0.409633517645344,0.6033418269028578,46.0,252.0
0.8214,0.35,-0.33738091597068615,1.2348993288590604,0.6118435311775755,0.3681008613632963,0.5916554410352401,75.0,298.0
0.95,0.35,-0.5466399387159282,1.0760233918128654,0.31541021193360935,0.3145685546363655,0.6252645566422502,64.0,342.0
0.05,0.35,-0.3738672907976321,2.4210526315789473,1.10338185753877,0.5322168137473082,0.6944741768732813,5.0,152.0
0.1786,0.35,-0.4002178755248741,2.1904761904761907,0.9382885950113349,0.5150945736855667,0.6777290874919318,13.0,168.0
0.3071,0.35,-0.38997169153764005,1.9945652173913044,0.8753712417963496,0.49379487685105233,0.6712163454190654,7.0,184.0
0.4357,0.35,-0.3284760032527328,1.7644230769230769,0.8918884749648623,0.4683789335187336,0.647630559247602,39.0,208.0
0.5643,0.35,-0.30289343813419733,1.512396694214876,0.8092002222308724,0.44311070772453115,0.6462966534323239,71.0,242.0
0.6929,0.35,-0.3647297703206788,1.3579335793357934,0.6321066599369405,0.409633517645344,0.5850603391689073,91.0,271.0
0.8214,0.35,-0.39018771661873347,1.1986970684039089,0.5258140232627974,0.3681008613632963,0.6096391210073386,70.0,307.0
0.95,0.35,-0.6820161744666545,1.0337078651685394,0.19542165315647286,0.3145685546363655,0.6334748572276279,97.0,356.0
0.05,0.35,-0.46788508020538727,2.2576687116564416,0.8184150255534869,0.5322168137473082,0.7108475190662882,7.0,163.0
0.1786,0.35,-0.36301044615214606,2.265432098765432,1.0587274557865851,0.5150945736855667,0.6263183304519986,14.0,162.0
0.3071,0.35,-0.345500994905106,1.9015544041450778,0.9249829397075569,0.49379487685105233,0.6210387745471173,33.0,193.0
0.4357,0.35,-0.346864253732885,1.7116279069767442,0.8300208185468607,0.4683789335187336,0.7065914197028227,41.0,215.0
0.5643,0.35,-0.2932317139112653,1.6069868995633187,0.8782396569415919,0.44311070772453115,0.6173036791523717,58.0,229.0
0.6929,0.35,-0.2965263713537187,1.483739837398374,0.805052539187354,0.409633517645344,0.6092579283101759,82.0,246.0
0.8214,0.35,-0.4294378804120438,1.1719745222929936,0.4677952618338482,0.3681008613632963,0.6264392460959413,117.0,314.0
0.95,0.35,-0.5085575492188321,1.0760233918128654,0.3505358963893733,0.3145685546363655,0.6156158282712765,98.0,342.0
0.05,0.35,-0.5302969774406007,2.383116883116883,0.7314640358137824,0.5322168137473082,0.7336563911138019,-2.0,154.0
0.1786,0.35,-0.37661310076022037,2.073446327683616,0.9389415778776148,0.5150945736855667,0.7095983136307156,18.0,177.0
0.3071,0.35,-0.39046439525149723,1.978494623655914,0.8673094550570227,0.49379487685105233,0.6706992266788586,15.0,186.0
0.4357,0.35,-0.3386367335824406,1.7692307692307692,0.8741013982587317,0.4683789335187336,0.6376812830316472,47.0,208.0
0.5643,0.35,-0.26270271027014874,1.6576576576576576,0.9679131028628616,0.44311070772453115,0.6395098355551162,66.0,222.0
0.6929,0.35,-0.3460542077700317,1.3954372623574145,0.6779372782848888,0.409633517645344,0.6350357593870455,51.0,263.0
0.8214,0.35,-0.3865047847504508,1.2225913621262459,0.5409674449878503,0.3681008613632963,0.605081812144971,92.0,301.0
0.95,0.35,-0.5767169894367103,1.0544412607449856,0.28307367415996487,0.3145685546363655,0.6161819464357502,113.0,349.0
0.05,0.35,-0.5023287433770269,2.4078947368421053,0.7976549771698778,0.5322168137473082,0.7020341835214744,4.0,152.0
0.1786,0.35,-0.3781838793012385,2.2035928143712575,0.9942283870906472,0.5150945736855667,0.6721461114034147,14.0,167.0
0.3071,0.35,-0.349641005322715,1.9891891891891893,0.9585416241815125,0.49379487685105233,0.6719892713763059,16.0,185.0
0.4357,0.35,-0.29859877638611715,1.7149532710280373,0.9262832713327941,0.4683789335187336,0.61583970604614,28.0,214.0
0.5643,0.35,-0.3165936942661182,1.4898785425101215,0.7733535373618604,0.44311070772453115,0.6105476881715411,50.0,247.0
0.6929,0.35,-0.3431968244407237,1.400763358778626,0.6849523506251267,0.409633517645344,0.5966778994794262,67.0,262.0
0.8214,0.35,-0.40435687309509954,1.239057239057239,0.5255330339642441,0.3681008613632963,0.6300250497088397,68.0,297.0
0.95,0.35,-0.6910562266368299,1.0308123249299719,0.18832197550668472,0.3145685546363655,0.620309324665685,100.0,357.0
0.05,0.35,-0.4364151080635923,2.310126582278481,0.9063901047295312,0.5322168137473082,0.7194902930129581,5.0,158.0
0.1786,0.35,-0.30896069595224634,2.329113924050633,1.2296085513499637,0.5150945736855667,0.6487517276418153,16.0,158.0
0.3071,0.35,-0.3662705867900817,1.967914438502674,0.9127952211059623,0.49379487685105233,0.6628232413973838,21.0,187.0
0.4357,0.35,-0.3030220723004641,1.7902439024390244,0.9575896768930251,0.4683789335187336,0.6621931330502498,42.0,205.0
0.5643,0.35,-0.2866641385901022,1.581896551724138,0.8770148366938914,0.44311070772453115,0.6327015831203419,66.0,232.0
0.6929,0.35,-0.3350453922091715,1.362962962962963,0.6788596910332352,0.409633517645344,0.6470713422090743,71.0,270.0
0.8214,0.35,-0.377500872362354,1.218543046357616,0.550665337906951,0.3681008613632963,0.6219413436629357,54.0,302.0
0.95,0.35,-0.6734678115801899,1.036619718309859,0.20226842896919708,0.3145685546363655,0.6120732934348092,100.0,355.0
0.05,0.35,-0.4739466228052534,2.3548387096774195,0.8404448551990744,0.5322168137473082,0.6819397495825753,7.0,155.0
0.1786,0.35,-0.39149227667910547,2.2857142857142856,0.9995562458179541,0.5150945736855667,0.6676691517430768,9.0,161.0
0.3071,0.35,-0.39486503391080796,2.067415730337079,0.896907957010117,0.49379487685105233,0.6615424385714145,17.0,178.0
0.4357,0.35,-0.3404911710868775,1.719626168224299,0.846039619533209,0.4683789335187336,0.6338100422682308,34.0,214.0
0.5643,0.35,-0.330824689978147,1.5269709543568464,0.7678030543548798,0.44311070772453115,0.6212924125621062,67.0,241.0
0.6929,0.35,-0.33489705692205296,1.3643122676579926,0.6797588621469737,0.409633517645344,0.6234897642995706,74.0,269.0
0.8214,0.35,-0.3645570724110859,1.180064308681672,0.5495288795263861,0.3681008613632963,0.6066903529969272,68.0,311.0
0.95,0.35,-0.5157802054067132,1.060693641618497,0.33884124851274383,0.3145685546363655,0.601141767842599,116.0,346.0
0.05,0.35,-0.39137054448427216,2.5594405594405596,1.1195802011854263,0.5322168137473082,0.6609330125642819,5.0,143.0
0.1786,0.35,-0.36403628508793306,2.2392638036809815,1.0440268655795164,0.5150945736855667,0.6833349339422766,14.0,163.0
0.3071,0.35,-0.29125930790900434,2.0164835164835164,1.1067985448847784,0.49379487685105233,0.631295758176369,31.0,182.0
0.4357,0.35,-0.31981878715066636,1.7692307692307692,0.9117899685484383,0.4683789335187336,0.6153573863740383,28.0,208.0
0.5643,0.35,-0.26265408952787117,1.6681818181818182,0.9741599474961927,0.44311070772453115,0.6271410638101433,42.0,220.0
0.6929,0.35,-0.3540456725486191,1.3237410071942446,0.6314973337734803,0.409633517645344,0.6277183786478508,71.0,278.0
0.8214,0.35,-0.38948917734142785,1.239057239057239,0.5444143550547539,0.3681008613632963,0.6192073367898838,91.0,297.0
0.95,0.35,-0.5987123609138881,1.063768115942029,0.2670130076040934,0.3145685546363655,0.6154970660201581,98.0,345.0
0.05,0.35,-0.45480362189703105,2.367741935483871,0.8873254837137649,0.5322168137473082,0.7245756906472381,2.0,155.0
0.1786,0.35,-0.38054135595349103,2.2303030303030305,1.0007527011098676,0.5150945736855667,0.680102757474865,8.0,165.0
0.3071,0.35,-0.26422962321178,1.931578947368421,1.1241617375575303,0.49379487685105233,0.6183479173287101,45.0,190.0
0.4357,0.35,-0.29595721359278365,1.812807881773399,0.9848275073576197,0.4683789335187336,0.6496854517852482,28.0,203.0
0.5643,0.35,-0.3536769968536472,1.4959349593495934,0.7142451099381267,0.44311070772453115,0.6456413452060864,55.0,246.0
0.6929,0.35,-0.2714330395515,1.3992395437262357,0.8018036889080518,0.409633517645344,0.6065536164237862,67.0,263.0
0.8214,0.35,-0.37855717407701645,1.2105263157894737,0.5456958250875715,0.3681008613632963,0.5942611113686246,68.0,304.0
0.95,0.35,-0.5586875614709078,1.0666666666666667,0.3020061745537648,0.3145685546363655,0.6120470021159788,87.0,345.0
0.05,0.35,-0.39614733506692684,2.3986928104575163,1.0374671852818025,0.5322168137473082,0.7105895203096885,0.0,153.0
0.1786,0.35,-0.33684923390132465,2.1845238095238093,1.0836439899949404,0.5150945736855667,0.6935223268796784,18.0,168.0
0.3071,0.35,-0.35350701121676137,2.0444444444444443,0.9765143352319925,0.49379487685105233,0.6396245736653722,16.0,180.0
0.4357,0.35,-0.29823392931136294,1.7902439024390244,0.9677242295272137,0.4683789335187336,0.6209555114406493,46.0,205.0
0.5643,0.35,-0.2690687386103908,1.6283185840707965,0.9378443581411098,0.44311070772453115,0.6023501653621501,26.0,226.0
0.6929,0.35,-0.32897148358319744,1.3381818181818181,0.6756790279121667,0.409633517645344,0.6216514019601841,88.0,275.0
0.8214,0.35,-0.39659943860021724,1.2192691029900333,0.5267850186013108,0.3681008613632963,0.6336411965626307,84.0,301.0
0.95,0.35,-0.494013748591192,1.0730994152046784,0.36343276693431115,0.3145685546363655,0.6115802254536412,99.0,342.0
0.05,0.35,-0.47031059150675847,2.453333333333333,0.8838300490227493,0.5322168137473082,0.684051272452747,7.0,150.0
0.1786,0.35,-0.41013713919505373,2.164705882352941,0.9055003014067697,0.5150945736855667,0.6861645657756757,16.0,170.0
0.3071,0.35,-0.32165568475287437,2.0164835164835164,1.0349670840721983,0.49379487685105233,0.6496395185228616,32.0,182.0
0.4357,0.35,-0.2501762022492611,1.8585858585858586,1.1147323908608577,0.4683789335187336,0.6028116183791468,39.0,198.0
0.5643,0.35,-0.32414656254047175,1.6211453744493391,0.8274436568721688,0.44311070772453115,0.6118687091245779,38.0,227.0
0.6929,0.35,-0.3319715566908185,1.393939393939394,0.6991073936399592,0.409633517645344,0.6202006558835681,56.0,264.0
0.8214,0.35,-0.40945609418109796,1.2039473684210527,0.5044384030712519,0.3681008613632963,0.5984066294048889,71.0,304.0
0.95,0.35,-0.5234394464635166,1.0791788856304985,0.3375874822559099,0.3145685546363655,0.6221512095252443,110.0,341.0
0.05,0.35,-0.42710476126141755,2.358974358974359,0.9469838621856098,0.5322168137473082,0.6930847607957329,8.0,156.0
0.1786,0.35,-0.3631978581720565,2.1904761904761907,1.0232556641402049,0.5150945736855667,0.6585351902040094,11.0,168.0
0.3071,0.35,-0.320856588105558,2.0331491712707184,1.0453821236168936,0.49379487685105233,0.6282759838028802,33.0,181.0
0.4357,0.35,-0.33300534775940555,1.7951219512195122,0.8982235094522844,0.4683789335187336,0.6073835096405025,45.0,205.0
0.5643,0.35,-0.284104664075892,1.581896551724138,0.8819159333158605,0.44311070772453115,0.6142504101075968,39.0,232.0
0.6929,0.35,-0.24686778715865776,1.4375,0.8682777493406127,0.409633517645344,0.6161781322482867,56.0,256.0
0.8214,0.35,-0.40730917727767774,1.190938511326861,0.5015659227458737,0.3681008613632963,0.5997525827828947,86.0,309.0
0.95,0.35,-0.6714114578908721,1.0308123249299719,0.2026509495539039,0.3145685546363655,0.618231232532302,109.0,357.0
0.05,0.35,-0.46395630224533957,2.245398773006135,0.8221774511779609,0.5322168137473082,0.7125272179276502,6.0,163.0
0.1786,0.35,-0.38109080848743354,2.1271676300578033,0.9532491202172503,0.5150945736855667,0.696565945649884,8.0,173.0
0.3071,0.35,-0.31122864807897016,1.9572192513368984,1.0281018125436747,0.49379487685105233,0.6558770043843488,26.0,187.0
0.4357,0.35,-0.30605280324079703,1.8775510204081634,0.997602290008183,0.4683789335187336,0.6321234092701777,43.0,196.0
0.5643,0.35,-0.23894650329287415,1.665158371040724,1.0228646656522458,0.44311070772453115,0.5930842444397726,56.0,221.0
0.6929,0.35,-0.30393759343787546,1.3863636363636365,0.7400627253588474,0.409633517645344,0.6238595878923427,74.0,264.0
0.8214,0.35,-0.36346092228451243,1.2192691029900333,0.5692223499914248,0.3681008613632963,0.6157445557467437,64.0,301.0
0.95,0.35,-0.5429398986373273,1.0545977011494252,0.3124000698989618,0.3145685546363655,0.6190255198167977,107.0,348.0
0.05,0.35,-0.3525175896331487,2.537931034482759,1.2149680833337226,0.5322168137473082,0.7145573888292027,0.0,145.0
0.1786,0.35,-0.3612661659803089,2.271604938271605,1.0658833429209569,0.5150945736855667,0.6213397288496325,11.0,162.0
0.3071,0.35,-0.32871331685847943,1.9267015706806283,0.9733996719801921,0.49379487685105233,0.6753773030513188,36.0,191.0
0.4357,0.35,-0.34126023175547543,1.7345971563981042,0.8519212765354055,0.4683789335187336,0.6157610828444556,42.0,211.0
0.5643,0.35,-0.2903024802252777,1.5040983606557377,0.8272904163279858,0.44311070772453115,0.6121456816355872,42.0,244.0
0.6929,0.35,-0.3511803511067447,1.3825757575757576,0.6638953244575136,0.409633517645344,0.6214223061225663,74.0,264.0
0.8214,0.35,-0.33656852029539897,1.248299319727891,0.6196173650852463,0.3681008613632963,0.5891128956648026,81.0,294.0
0.95,0.35,-0.6098903711600524,1.0574712643678161,0.25624708976560867,0.3145685546363655,0.6042696625095627,66.0,348.0
0.05,0.35,-0.41973633414204764,2.3144654088050314,0.9459504207351375,0.5322168137473082,0.6845031277059114,3.0,159.0
0.1786,0.35,-0.40720502240333156,2.090909090909091,0.8808101079580045,0.5150945736855667,0.7291257330336259,10.0,176.0
0.3071,0.35,-0.33754560943386747,2.085227272727273,1.0327632586159847,0.49379487685105233,0.6692291956756341,19.0,176.0
0.4357,0.35,-0.3311855965689338,1.7644230769230769,0.8864816225730588,0.4683789335187336,0.6541978683425977,40.0,208.0
0.5643,0.35,-0.29755999669172467,1.5593220338983051,0.8441460721992508,0.44311070772453115,0.6044217223197654,33.0,236.0
0.6929,0.35,-0.26911003829441965,1.4488188976377954,0.8343856376992503,0.409633517645344,0.6300875697505077,37.0,254.0
0.8214,0.35,-0.3522804835384014,1.2655172413793103,0.6061613885864718,0.3681008613632963,0.6301325020120567,93.0,290.0
0.95,0.35,-0.6734678115801899,1.036619718309859,0.20226842896919708,0.3145685546363655,0.6167056980680926,110.0,355.0
0.05,0.35,-0.4933977243481412,2.358974358974359,0.800230078683448,0.5322168137473082,0.6943869131223408,6.0,156.0
0.1786,0.35,-0.3964594668658806,2.2439024390243905,0.9697997732717583,0.5150945736855667,0.6862717283361248,5.0,164.0
0.3071,0.35,-0.3750319848177698,1.936842105263158,0.8803172432444242,0.49379487685105233,0.6590607266805999,16.0,190.0
0.4357,0.35,-0.36349177008698424,1.7358490566037736,0.810332878169525,0.4683789335187336,0.6142749808799183,59.0,212.0
0.5643,0.35,-0.2953415526384616,1.6355555555555557,0.8897329326028258,0.44311070772453115,0.605055508117653,46.0,225.0
0.6929,0.35,-0.3354420488845692,1.393939393939394,0.6936680692278544,0.409633517645344,0.6204627674682006,63.0,264.0
0.8214,0.35,-0.38222471979805583,1.218543046357616,0.5446189473529959,0.3681008613632963,0.6205301123879475,85.0,302.0
0.95,0.35,-0.5936098266704292,1.066860465116279,0.2720625852583521,0.3145685546363655,0.6164535610774552,120.0,344.0
0.05,0.35,-0.44592213103040984,2.3741935483870966,0.9097918024632583,0.5322168137473082,0.7294845382832459,-1.0,155.0
0.1786,0.35,-0.3827284145428417,2.085714285714286,0.9310954706743042,0.5150945736855667,0.688854200554156,21.0,175.0
0.3071,0.35,-0.35493691679644385,2.0502793296089385,0.9761041192331421,0.49379487685105233,0.6504514564109442,22.0,179.0
0.4357,0.35,-0.31912085489617464,1.7037037037037037,0.879385931154353,0.4683789335187336,0.62942070136939,44.0,216.0
0.5643,0.35,-0.3064917260022218,1.6069868995633187,0.8530162793019502,0.44311070772453115,0.6228566507397276,47.0,229.0
0.6929,0.35,-0.3404507196545368,1.3782771535580525,0.678161226979002,0.409633517645344,0.6338915986409355,70.0,267.0
0.8214,0.35,-0.375416231838127,1.239057239057239,0.5626624300517175,0.3681008613632963,0.5853884608035129,60.0,297.0
0.95,0.35,-0.5303849392767104,1.0728862973760933,0.3292266871951744,0.3145685546363655,0.6051903735574687,101.0,343.0
0.05,0.35,-0.4150088348528761,2.343949044585987,0.9690324532711573,0.5322168137473082,0.672191654397418,5.0,157.0
0.1786,0.35,-0.41429455492912576,2.2035928143712575,0.9125795652667108,0.5150945736855667,0.6817760307339523,14.0,167.0
0.3071,0.35,-0.2993648342582777,1.931578947368421,1.0415336018426449,0.49379487685105233,0.6348585168403282,30.0,190.0
0.4357,0.35,-0.3277217002931113,1.7692307692307692,0.8958318999117012,0.4683789335187336,0.6710550320530955,38.0,208.0
0.5643,0.35,-0.3175323942711646,1.6283185840707965,0.8434515084916004,0.44311070772453115,0.6436478229232572,64.0,226.0
0.6929,0.35,-0.26300533300580653,1.4838709677419355,0.8658751955786805,0.409633517645344,0.6244124261985442,54.0,248.0
0.8214,0.35,-0.4499748979396306,1.1838709677419355,0.4490827743182608,0.3681008613632963,0.6473097519979328,109.0,310.0
0.95,0.35,-0.6480531793008809,1.03954802259887,0.22199867462585876,0.3145685546363655,0.61803927319134,99.0,354.0
0.05,0.35,-0.41218684097000496,2.496598639455782,1.0391921879688877,0.5322168137473082,0.6902685977609734,5.0,147.0
0.1786,0.35,-0.38679367825954425,2.1775147928994083,0.9628439021766119,0.5150945736855667,0.659639849076476,15.0,169.0
0.3071,0.35,-0.3299336066345693,1.9675675675675677,0.991328361901494,0.49379487685105233,0.6535232647371235,24.0,185.0
0.4357,0.35,-0.3157147426551888,1.7393364928909953,0.9046051405073099,0.4683789335187336,0.5906549996960954,42.0,211.0
0.5643,0.35,-0.3277474100132065,1.5659574468085107,0.7928608570327821,0.44311070772453115,0.633024400369935,44.0,235.0
0.6929,0.35,-0.36302166726208396,1.3381818181818181,0.6253699731405283,0.409633517645344,0.6168559998201206,88.0,275.0
0.8214,0.35,-0.348665841524438,1.2559726962457338,0.6065682795471574,0.3681008613632963,0.5965462642948207,103.0,293.0
0.95,0.35,-0.6255060501528179,1.0424929178470255,0.24017584582693086,0.3145685546363655,0.6241931558171857,95.0,353.0
0.05,0.35,-0.3348203434445104,2.5524475524475525,1.2719585782845415,0.5322168137473082,0.6464525129001198,4.0,143.0
0.1786,0.35,-0.40188588408495773,2.010989010989011,0.8579877492722259,0.5150945736855667,0.7269432005431299,16.0,182.0
0.3071,0.35,-0.334164085831398,2.056179775280899,1.0261693856914105,0.49379487685105233,0.6018022341595639,29.0,178.0
0.4357,0.35,-0.34584415700169213,1.727699530516432,0.8397589995491107,0.4683789335187336,0.6679519282799992,41.0,213.0
0.5643,0.35,-0.3403967939656185,1.5269709543568464,0.7514155073702675,0.44311070772453115,0.6045084976749192,64.0,241.0
0.6929,0.35,-0.3162280186677913,1.3796992481203008,0.7167448763813966,0.409633517645344,0.616924298518712,81.0,266.0
0.8214,0.35,-0.44453595201641416,1.2026143790849673,0.4624385085309472,0.3681008613632963,0.6227002713633351,73.0,306.0
0.95,0.35,-0.6011159221508627,1.0547550432276658,0.26276985129809494,0.3145685546363655,0.6125442877813436,118.0,347.0
0.05,0.35,-0.46620718999412253,2.3986928104575163,0.873276972294854,0.5322168137473082,0.6797750014626394,5.0,153.0
0.1786,0.35,-0.4467089333574067,2.090909090909091,0.7996641857163265,0.5150945736855667,0.6969431691428409,14.0,176.0
0.3071,0.35,-0.37485819035935963,1.8911917098445596,0.8599163289419585,0.49379487685105233,0.6820085368547878,26.0,193.0
0.4357,0.35,-0.30757964091270507,1.8535353535353536,0.9815276828416359,0.4683789335187336,0.6379349649820365,31.0,198.0
0.5643,0.35,-0.2685427248678021,1.6355555555555557,0.9430813693079736,0.44311070772453115,0.6174788624039167,54.0,225.0
0.6929,0.35,-0.30229016235363365,1.4817813765182186,0.7938733421509141,0.409633517645344,0.5788398864004054,21.0,247.0
0.8214,0.35,-0.4195410701622681,1.1844660194174756,0.48433531971120347,0.3681008613632963,0.5936740080513904,78.0,309.0
0.95,0.35,-0.5497329586552026,1.0574712643678161,0.3072429058534175,0.3145685546363655,0.6227367095852814,95.0,348.0
0.05,0.35,-0.3866491919256322,2.3,1.0173494974687902,0.5322168137473082,0.7054670735580112,8.0,160.0
0.1786,0.35,-0.367910105328878,2.216867469879518,1.0243798332048182,0.5150945736855667,0.6862211078194707,9.0,166.0
0.3071,0.35,-0.3598120703405527,1.9574468085106382,0.9215492692641581,0.49379487685105233,0.6600724116423091,19.0,188.0
0.4357,0.35,-0.32423353576645897,1.8208955223880596,0.9292168606730377,0.4683789335187336,0.639658362841568,30.0,201.0
0.5643,0.35,-0.32939800552336357,1.5726495726495726,0.7933079000042916,0.44311070772453115,0.6156295415258917,49.0,234.0
0.6929,0.35,-0.31852407496614654,1.4153846153846155,0.7315380571057686,0.409633517645344,0.5998123772406052,60.0,260.0
0.8214,0.35,-0.46879594842458394,1.139751552795031,0.41220201028160636,0.3681008613632963,0.6012908236100224,96.0,322.0
0.95,0.35,-0.49105858487487475,1.0762463343108504,0.367353998000929,0.3145685546363655,0.6081454216922261,46.0,341.0
0.05,0.35,-0.5115153959085474,2.2439024390243905,0.7251740852350491,0.5322168137473082,0.7207640215591438,-2.0,164.0
0.1786,0.35,-0.3857888348048037,2.3525641025641026,1.0427065815087342,0.5150945736855667,0.6357586449080982,11.0,156.0
0.3071,0.35,-0.3615579438853156,2.1028571428571428,0.9860413536056225,0.49379487685105233,0.6478147496190021,23.0,175.0
0.4357,0.35,-0.31722324729740015,1.7777777777777777,0.9215031245678433,0.4683789335187336,0.6569077113060269,36.0,207.0
0.5643,0.35,-0.3277474100132065,1.5659574468085107,0.7928608570327821,0.44311070772453115,0.6227532539593028,40.0,235.0
0.6929,0.35,-0.3067649333035929,1.3529411764705883,0.7177314318772018,0.409633517645344,0.6052916890107976,65.0,272.0
0.8214,0.35,-0.3450336291259749,1.2432432432432432,0.6053993725568141,0.3681008613632963,0.5977524854543852,74.0,296.0
0.95,0.35,-0.6576576576576576,1.0424929178470255,0.2152974504249292,0.3145685546363655,0.6228954491897525,72.0,353.0
0.05,0.35,-0.42813844062091433,2.4304635761589406,0.9732170573547733,0.5322168137473082,0.6593528685190764,6.0,151.0
0.1786,0.35,-0.34214142290475374,2.164705882352941,1.0610434245538338,0.5150945736855667,0.6570606060289449,14.0,170.0
0.3071,0.35,-0.40644248310778114,1.8775510204081634,0.7923783125843745,0.49379487685105233,0.6232760443195341,4.0,196.0
0.4357,0.35,-0.33331518514553576,1.8724489795918366,0.9362627195664576,0.4683789335187336,0.6483649812614083,30.0,196.0
0.5643,0.35,-0.303452515940958,1.6383928571428572,0.8755350951310419,0.44311070772453115,0.636742534739243,50.0,224.0
0.6929,0.35,-0.29982013876234914,1.4153846153846155,0.7624314888223919,0.409633517645344,0.6119738016380416,44.0,260.0
0.8214,0.35,-0.3969263376416664,1.218543046357616,0.5260629697545828,0.3681008613632963,0.6147467250973069,84.0,302.0
0.95,0.35,-0.5744034819343461,1.0635838150289016,0.287510522900483,0.3145685546363655,0.6197201100661615,96.0,346.0
0.05,0.35,-0.45811129170684267,2.4210526315789473,0.899753736698882,0.5322168137473082,0.7092866594208802,-2.0,152.0
0.1786,0.35,-0.43861374237857065,2.1271676300578033,0.830078734822312,0.5150945736855667,0.6815043925620359,21.0,173.0
0.3071,0.35,-0.33346464059847525,1.978494623655914,0.9889550760495711,0.49379487685105233,0.6310138502519929,24.0,186.0
0.4357,0.35,-0.33241598832970737,1.7116279069767442,0.8575815921113147,0.4683789335187336,0.6639834395491222,37.0,215.0
0.5643,0.35,-0.35469920077832373,1.426356589147287,0.6794342584855948,0.44311070772453115,0.6495554122852147,71.0,258.0
0.6929,0.35,-0.32356377024024446,1.426356589147287,0.7289707493887084,0.409633517645344,0.6084362304208065,68.0,258.0
0.8214,0.35,-0.3908554960325521,1.2266666666666666,0.5372357231441541,0.3681008613632963,0.6051916000045654,78.0,300.0
0.95,0.35,-0.5578613826394587,1.0670553935860059,0.3028423463247321,0.3145685546363655,0.6112046638889794,89.0,343.0
0.05,0.35,-0.45492067595134905,2.4210526315789473,0.9070362073481099,0.5322168137473082,0.6579386607747449,8.0,152.0
0.1786,0.35,-0.39068353078162205,2.224242424242424,0.9745333935632378,0.5150945736855667,0.6633110732763965,12.0,165.0
0.3071,0.35,-0.3383957992728033,1.978494623655914,0.9780218638149799,0.49379487685105233,0.6570986585559855,19.0,186.0
0.4357,0.35,-0.27885713551112223,1.7607655502392345,0.9928892581776688,0.4683789335187336,0.6192562616506379,41.0,209.0
0.5643,0.35,-0.29084108699757966,1.641255605381166,0.9016687280836603,0.44311070772453115,0.5865944918278668,27.0,223.0
0.6929,0.35,-0.3225922448094739,1.4224806201550388,0.7285687690086703,0.409633517645344,0.6173495765979113,67.0,258.0
0.8214,0.35,-0.4052627589283442,1.1993464052287581,0.5075890381375512,0.3681008613632963,0.603471000743714,70.0,306.0
0.95,0.35,-0.6398742008843289,1.042857142857143,0.22901742202687714,0.3145685546363655,0.6110419145554169,120.0,350.0
0.05,0.35,-0.4044585446959737,2.496598639455782,1.0586485394436513,0.5322168137473082,0.6545729623217812,9.0,147.0
0.1786,0.35,-0.390041357311793,2.164705882352941,0.9498861705616213,0.5150945736855667,0.7265937762839895,12.0,170.0
0.3071,0.35,-0.35589676455665636,2.021978021978022,0.9605175113587763,0.49379487685105233,0.6557402613910344,24.0,182.0
0.4357,0.35,-0.3310088959756051,1.7902439024390244,0.8998116003482931,0.4683789335187336,0.6089045764528475,43.0,205.0
0.5643,0.35,-0.2863926913636537,1.660633484162896,0.9212118501766898,0.44311070772453115,0.635333493975793,48.0,221.0
0.6929,0.35,-0.27565318142210865,1.4959349593495934,0.8494281552266001,0.409633517645344,0.5902519964073532,61.0,246.0
0.8214,0.35,-0.3491414681004667,1.2323232323232323,0.5945025846287743,0.3681008613632963,0.5965921642454755,93.0,297.0
0.95,0.35,-0.5475785685361126,1.066860465116279,0.3118875827136221,0.3145685546363655,0.6154741643862954,95.0,344.0
0.05,0.35,-0.4570994330677788,2.4052287581699345,0.8961640000524241,0.5322168137473082,0.7090629136855565,7.0,153.0
0.1786,0.35,-0.40340728171744616,2.171597633136095,0.9231527809825512,0.5150945736855667,0.651715098251936,28.0,169.0
0.3071,0.35,-0.3819880862286694,1.9067357512953367,0.8526740732837738,0.49379487685105233,0.6402675399025185,28.0,193.0
0.4357,0.35,-0.30167940744355404,1.688073394495413,0.9056119397616929,0.4683789335187336,0.6677875192460414,43.0,218.0
0.5643,0.35,-0.30303550065810825,1.5593220338983051,0.8340464247672605,0.44311070772453115,0.6094263398248587,40.0,236.0
0.6929,0.35,-0.3206129315486142,1.3946360153256705,0.7174681175488323,0.409633517645344,0.6099072356952044,94.0,261.0
0.8214,0.35,-0.37441834862300594,1.2065573770491804,0.5491778810809208,0.3681008613632963,0.6001410314238387,66.0,305.0
0.95,0.35,-0.5745050692642606,1.0484330484330484,0.2833290003521782,0.3145685546363655,0.6157037064473442,102.0,351.0
0.05,0.35,-0.440690081476291,2.3986928104575163,0.931229205802288,0.5322168137473082,0.6808487160294427,1.0,153.0
0.1786,0.35,-0.351363218142214,2.2439024390243905,1.0770440080887616,0.5150945736855667,0.645300531894179,15.0,164.0
0.3071,0.35,-0.3479611230909373,1.9263157894736842,0.9318019358455043,0.49379487685105233,0.6505721009547969,39.0,190.0
0.4357,0.35,-0.3255198777283964,1.7440758293838863,0.8874589498195583,0.4683789335187336,0.6614142051247331,48.0,211.0
0.5643,0.35,-0.3217441377641566,1.555084745762712,0.7979950997711913,0.44311070772453115,0.6475947618865285,59.0,236.0
0.6929,0.35,-0.29309616449019055,1.4603174603174602,0.7983196007447346,0.409633517645344,0.6122197358262147,59.0,252.0
0.8214,0.35,-0.3786194411869756,1.2602739726027397,0.5680390990853517,0.3681008613632963,0.6253438209856206,67.0,292.0
0.95,0.35,-0.4329007241614397,1.0760233918128654,0.4258578951026317,0.3145685546363655,0.608061093011282,94.0,342.0
0.05,0.35,-0.41776856532361817,2.3525641025641026,0.9661215561592014,0.5322168137473082,0.6897802749270947,8.0,156.0
0.1786,0.35,-0.39654277583653585,2.2303030303030305,0.9637316514732841,0.5150945736855667,0.6623115586455732,14.0,165.0
0.3071,0.35,-0.36077087882828257,1.967914438502674,0.9244379319377983,0.49379487685105233,0.6337694404597339,34.0,187.0
0.4357,0.35,-0.3357597997172131,1.7777777777777777,0.8840447716867922,0.4683789335187336,0.6304624957769361,37.0,207.0
0.5643,0.35,-0.2464499777322451,1.6,0.9672911526076539,0.44311070772453115,0.6151646059950329,60.0,230.0
0.6929,0.35,-0.315069174234233,1.3680297397769516,0.7125144119381971,0.409633517645344,0.615491651557227,67.0,269.0
0.8214,0.35,-0.4072050224033316,1.218543046357616,0.513319798015261,0.3681008613632963,0.6085312792891977,79.0,302.0
0.95,0.35,-0.55454178296579,1.069767441860465,0.30654479828986203,0.3145685546363655,0.6051486283987242,74.0,344.0
0.05,0.35,-0.39625963301938255,2.591549295774648,1.120581649629075,0.5322168137473082,0.7056159630362098,7.0,142.0
0.1786,0.35,-0.3685387898740417,2.1149425287356323,0.9758613920363737,0.5150945736855667,0.7059718073209122,21.0,174.0
0.3071,0.35,-0.2804574371432953,1.978494623655914,1.111798839077126,0.49379487685105233,0.6508342684850913,35.0,186.0
0.4357,0.35,-0.3337246445678015,1.7815533980582525,0.8899926445442243,0.4683789335187336,0.6614098960248551,36.0,206.0
0.5643,0.35,-0.264950254405456,1.6576576576576576,0.9632480291620655,0.44311070772453115,0.603968159768458,52.0,222.0
0.6929,0.35,-0.3370745405154353,1.347985347985348,0.668335069671706,0.409633517645344,0.6332189691993192,65.0,273.0
0.8214,0.35,-0.4173257924418143,1.1948051948051948,0.49119417270331023,0.3681008613632963,0.6130517659690495,85.0,308.0
0.95,0.35,-0.5475455361380922,1.0514285714285714,0.3074052035728632,0.3145685546363655,0.6119531684128676,83.0,350.0
0.05,0.35,-0.45176924102207566,2.4210526315789473,0.9142606718968531,0.5322168137473082,0.6728632243004311,2.0,152.0
0.1786,0.35,-0.399458508206985,2.07909604519774,0.892190395958019,0.5150945736855667,0.6965576361597079,29.0,177.0
0.3071,0.35,-0.4096461659795798,1.868020304568528,0.7823189786521212,0.49379487685105233,0.6727093984080137,29.0,197.0
0.4357,0.35,-0.32365299803034364,1.7393364928909953,0.8887488066236173,0.4683789335187336,0.6252962315391467,37.0,211.0
0.5643,0.35,-0.29431858672956335,1.5333333333333334,0.835995746932297,0.44311070772453115,0.6337346286190113,60.0,240.0
0.6929,0.35,-0.3532805327195125,1.309608540925267,0.6258490515866365,0.409633517645344,0.6033686627854333,74.0,281.0
0.8214,0.35,-0.38328428139555587,1.1832797427652733,0.5275468149853811,0.3681008613632963,0.6172192401011496,102.0,311.0
0.95,0.35,-0.5545417829657899,1.069767441860465,0.3065447982898621,0.3145685546363655,0.6259431020003943,104.0,344.0
0.05,0.35,-0.4166625346053036,2.3227848101265822,0.9564503688763458,0.5322168137473082,0.6883060580718275,4.0,158.0
0.1786,0.35,-0.41921710659199213,2.224242424242424,0.9102215191686909,0.5150945736855667,0.6493243132676308,17.0,165.0
0.3071,0.35,-0.37509342682921254,2.0,0.9088932591463857,0.49379487685105233,0.6696035531663026,34.0,184.0
0.4357,0.35,-0.2514639537542684,1.755980861244019,1.0503019021967492,0.4683789335187336,0.6375452459273268,39.0,209.0
0.5643,0.35,-0.30689569636744346,1.5397489539748954,0.8165966339012828,0.44311070772453115,0.6361246779405325,56.0,239.0
0.6929,0.35,-0.30257880550452787,1.4319066147859922,0.7666653391486825,0.409633517645344,0.5888299472075088,40.0,257.0
0.8214,0.35,-0.3849374499667658,1.1757188498402555,0.5221467828184166,0.3681008613632963,0.6057078443360913,70.0,313.0
0.95,0.35,-0.5835366448713504,1.057636887608069,0.27815397145852805,0.3145685546363655,0.6091515860588247,75.0,347.0
0.05,0.35,-0.4315824422388091,2.3144654088050314,0.9189710186290855,0.5322168137473082,0.6661057858766629,7.0,159.0
0.1786,0.35,-0.38409367523735877,2.1775147928994083,0.9689699167081051,0.5150945736855667,0.6632053879458635,7.0,169.0
0.3071,0.35,-0.33726416177658364,1.931578947368421,0.9572727882561659,0.49379487685105233,0.6380922654064286,26.0,190.0
0.4357,0.35,-0.31570743069740076,1.719626168224299,0.8943685970295508,0.4683789335187336,0.6636264752755269,42.0,214.0
0.5643,0.35,-0.29715965404103917,1.5355648535564854,0.8320154959752672,0.44311070772453115,0.6311883852743392,59.0,239.0
0.6929,0.35,-0.3656917303680254,1.3992395437262357,0.6498898646347124,0.409633517645344,0.6373113263362645,101.0,263.0
0.8214,0.35,-0.3659485861557516,1.1993464052287581,0.5567173549807396,0.3681008613632963,0.6200096852507639,86.0,306.0
0.95,0.35,-0.6132320802230333,1.0484330484330484,0.2513589173802026,0.3145685546363655,0.6203461363500483,108.0,351.0
0.05,0.35,-0.4467424426188018,2.3312101910828025,0.8914922366734372,0.5322168137473082,0.6911651125500747,2.0,157.0
0.1786,0.35,-0.3911002294008377,2.2303030303030305,0.9762280063048016,0.5150945736855667,0.679525743425649,24.0,165.0
0.3071,0.35,-0.28214322773950673,2.010928961748634,1.1258952529594513,0.49379487685105233,0.6557886120341357,22.0,183.0
0.4357,0.35,-0.31699668182940743,1.8917525773195876,0.9810755830244475,0.4683789335187336,0.5942012638829067,43.0,194.0
0.5643,0.35,-0.3233234223825927,1.6069868995633187,0.8217268560959,0.44311070772453115,0.6169950396391582,36.0,229.0
0.6929,0.35,-0.32781169515124425,1.3886792452830188,0.7030017518855465,0.409633517645344,0.6448190864251221,78.0,265.0
0.8214,0.35,-0.393939393939394,1.2432432432432432,0.5405405405405405,0.3681008613632963,0.6242651766822491,102.0,296.0
0.95,0.35,-0.747658306690821,1.0222841225626742,0.14760603119210888,0.3145685546363655,0.6260839021364974,80.0,359.0
0.05,0.35,-0.45946668303936716,2.3896103896103895,0.885024677267575,0.5322168137473082,0.7002296410505635,4.0,154.0
0.1786,0.35,-0.431449546870438,2.073446327683616,0.823542018453722,0.5150945736855667,0.6905139806249581,13.0,177.0
0.3071,0.35,-0.3621264906607102,1.816831683168317,0.8508085038851606,0.49379487685105233,0.6844502028916074,25.0,202.0
0.4357,0.35,-0.33695475027643296,1.688073394495413,0.8371779562273869,0.4683789335187336,0.6556215143910115,42.0,218.0
0.5643,0.35,-0.3572433291079983,1.6069868995633187,0.7610290119526448,0.44311070772453115,0.6118352987209136,35.0,229.0
0.6929,0.35,-0.2874467800949574,1.3954372623574145,0.7723218775652347,0.409633517645344,0.6121331819768234,63.0,263.0
0.8214,0.35,-0.40561314605782284,1.1986970684039089,0.5068889554117761,0.3681008613632963,0.6194477332675067,95.0,307.0
0.95,0.35,-0.5605960662528152,1.0574712643678161,0.2977433068273246,0.3145685546363655,0.6274842319014443,102.0,348.0
0.05,0.35,-0.42392128634931786,2.4052287581699345,0.9730882614969537,0.5322168137473082,0.6928896551315659,3.0,153.0
0.1786,0.35,-0.34708533034274325,2.2576687116564416,1.0942625443717355,0.5150945736855667,0.627282198541106,14.0,163.0
0.3071,0.35,-0.3648095321595389,1.9417989417989419,0.9037247683504624,0.49379487685105233,0.656275523392392,27.0,189.0
0.4357,0.35,-0.30229814924943066,1.7777777777777777,0.9524384615716923,0.4683789335187336,0.6277552958817451,37.0,207.0
0.5643,0.35,-0.31379721532474464,1.6140350877192982,0.8430185106479974,0.44311070772453115,0.593233539830273,37.0,228.0
0.6929,0.35,-0.25630718081412973,1.4488188976377954,0.8576534679804788,0.409633517645344,0.5978827210076672,48.0,254.0
0.8214,0.35,-0.41272998036241854,1.190938511326861,0.4950715937624927,0.3681008613632963,0.6310318910278006,82.0,309.0
0.95,0.35,-0.45096684201001297,1.0791788856304985,0.4083518482014621,0.3145685546363655,0.6014642774157382,111.0,341.0
0.05,0.35,-0.47089992670598807,2.510344827586207,0.9030006788045744,0.5322168137473082,0.6457292878168461,1.0,145.0
0.1786,0.35,-0.44353389250782743,2.085227272727273,0.803831700601912,0.5150945736855667,0.694343192840064,13.0,176.0
0.3071,0.35,-0.36848241993276143,1.952127659574468,0.9008540538046241,0.49379487685105233,0.659477745737164,36.0,188.0
0.4357,0.35,-0.3475745383843237,1.7990196078431373,0.8709916703457106,0.4683789335187336,0.6513554503075928,34.0,204.0
0.5643,0.35,-0.2950125142032156,1.5617021276595744,0.8501697431237675,0.44311070772453115,0.6341379319363875,63.0,235.0
0.6929,0.35,-0.2784612223457149,1.4838709677419355,0.8374680635965915,0.409633517645344,0.6173246025923873,57.0,248.0
0.8214,0.35,-0.37913370564823495,1.2065573770491804,0.5431748963449523,0.3681008613632963,0.6220058924023968,73.0,305.0
0.95,0.35,-0.49795918367346936,1.060693641618497,0.3554913294797688,0.3145685546363655,0.6056087168824935,64.0,346.0
0.05,0.35,-0.3986341317787873,2.591549295774648,1.1142794651447032,0.5322168137473082,0.6739336894609352,1.0,142.0
0.1786,0.35,-0.3728904581490212,2.2303030303030305,1.0187588552460944,0.5150945736855667,0.6700602338113933,4.0,165.0
0.3071,0.35,-0.31277426389270335,2.021978021978022,1.05848764160431,0.49379487685105233,0.6505788926686882,23.0,182.0
0.4357,0.35,-0.33254684458393596,1.6727272727272726,0.8378445387268334,0.4683789335187336,0.6394519405132068,43.0,220.0
0.5643,0.35,-0.2932317139112653,1.6069868995633187,0.8782396569415919,0.44311070772453115,0.6247816015318254,41.0,229.0
0.6929,0.35,-0.27174569066543386,1.4488188976377954,0.8296537691415337,0.409633517645344,0.5980074146439877,62.0,254.0
0.8214,0.35,-0.4442956361784147,1.1645569620253164,0.448072658745009,0.3681008613632963,0.6139751396100674,106.0,316.0
0.95,0.35,-0.6362587366723136,1.0515759312320916,0.23376593758591566,0.3145685546363655,0.6145205846654855,102.0,349.0
0.05,0.35,-0.430384616501024,2.453333333333333,0.9769794720918596,0.5322168137473082,0.6758371044691779,2.0,150.0
0.1786,0.35,-0.3791805066480507,2.1149425287356323,0.9520128386597084,0.5150945736855667,0.6921889279351124,18.0,174.0
0.3071,0.35,-0.35931746556685307,1.9731182795698925,0.929983210039934,0.49379487685105233,0.6493195611180875,23.0,186.0
0.4357,0.35,-0.2962770034560736,1.695852534562212,0.9206446030724272,0.4683789335187336,0.6149477448026915,54.0,217.0
0.5643,0.35,-0.2914973515490786,1.6,0.8777441441608685,0.44311070772453115,0.6278710289696585,55.0,230.0
0.6929,0.35,-0.27802554435441135,1.3901515151515151,0.7853159804590577,0.409633517645344,0.6075685452573248,61.0,264.0
0.8214,0.35,-0.3938404111901902,1.160883280757098,0.5048501438690802,0.3681008613632963,0.6134936521600394,88.0,317.0
0.95,0.35,-0.5340188195505113,1.069767441860465,0.32495787470888654,0.3145685546363655,0.6167288689505822,105.0,344.0
0.05,0.35,-0.44592213103040984,2.3741935483870966,0.9097918024632583,0.5322168137473082,0.6830075738497994,0.0,155.0
0.1786,0.35,-0.4342835068278089,2.2857142857142856,0.9015416156933489,0.5150945736855667,0.6858914715527271,4.0,161.0
0.3071,0.35,-0.3227928934974673,1.967914438502674,1.007478683393383,0.49379487685105233,0.6473039601945249,22.0,187.0
0.4357,0.35,-0.29788691762717684,1.6757990867579908,0.9065508298614334,0.4683789335187336,0.6490885879449624,40.0,219.0
0.5643,0.35,-0.29395746531538647,1.6150442477876106,0.8812422084197626,0.44311070772453115,0.604497913737382,57.0,226.0
0.6929,0.35,-0.35546844314056564,1.3430656934306568,0.6386339916152419,0.409633517645344,0.6308993328530674,76.0,274.0
0.8214,0.35,-0.37121990755062595,1.2348993288590604,0.5662695749164522,0.3681008613632963,0.6222732091985277,75.0,298.0
0.95,0.35,-0.5769906726969919,1.069767441860465,0.2869526204477457,0.3145685546363655,0.6104554551922634,89.0,344.0
0.05,0.35,-0.4584665201654942,2.506849315068493,0.9308015057183117,0.5322168137473082,0.6761090550796011,7.0,146.0
0.1786,0.35,-0.3913778692246227,2.13953488372093,0.9358839957143668,0.5150945736855667,0.7057889814429694,8.0,172.0
0.3071,0.35,-0.36523251392530226,2.010928961748634,0.934985292764441,0.49379487685105233,0.6711723044518507,23.0,183.0
0.4357,0.35,-0.2913623573893037,1.7681159420289856,0.970257113235713,0.4683789335187336,0.6195893167842381,44.0,207.0
0.5643,0.35,-0.295000129535406,1.6140350877192982,0.8786829451327125,0.44311070772453115,0.6206269921205205,52.0,228.0
0.6929,0.35,-0.33921318231852743,1.3680297397769516,0.6750053166858816,0.409633517645344,0.6325112402084,71.0,269.0
0.8214,0.35,-0.3606304940121473,1.2655172413793103,0.5946751428845869,0.3681008613632963,0.6163344360518673,77.0,290.0
0.95,0.35,-0.5744034819343461,1.0635838150289016,0.287510522900483,0.3145685546363655,0.6129147823135584,113.0,346.0
0.05,0.35,-0.3870346649692772,2.437086092715232,1.077009343059927,0.5322168137473082,0.6682078545591699,1.0,151.0
0.1786,0.35,-0.40103098323224967,2.212121212121212,0.9457264566258929,0.5150945736855667,0.7019524943806101,13.0,165.0
0.3071,0.35,-0.3912658867354021,1.7815533980582525,0.7795004091886972,0.49379487685105233,0.6921141764289402,29.0,206.0
0.4357,0.35,-0.31215509047213874,1.7777777777777777,0.9319290102179902,0.4683789335187336,0.6328811910386015,43.0,207.0
0.5643,0.35,-0.3667316071402256,1.5793991416309012,0.7318068528447297,0.44311070772453115,0.6288904479489129,51.0,233.0
0.6929,0.35,-0.31965660458289025,1.4898785425101215,0.7681005974208063,0.409633517645344,0.5988070988554117,74.0,247.0
0.8214,0.35,-0.35469920077832373,1.2225913621262459,0.5823722215590813,0.3681008613632963,0.6102147263176835,86.0,301.0
0.95,0.35,-0.4858419279590321,1.0823529411764705,0.37453546775839075,0.3145685546363655,0.6058033348544624,114.0,340.0
0.05,0.35,-0.3875011983718945,2.469798657718121,1.0902684047337217,0.5322168137473082,0.6702333262180539,7.0,149.0
0.1786,0.35,-0.4498190404541369,2.152046783625731,0.8166641017708773,0.5150945736855667,0.6990708185688678,17.0,171.0
0.3071,0.35,-0.31879679142467765,2.097142857142857,1.0832453130123691,0.49379487685105233,0.6290868108829987,31.0,175.0
0.4357,0.35,-0.3237721839943915,1.7681159420289856,0.9032137072975585,0.4683789335187336,0.6361010728101759,35.0,207.0
0.5643,0.35,-0.32044348548293106,1.6069868995633187,0.8270239721334567,0.44311070772453115,0.62887348211241,46.0,229.0
0.6929,0.35,-0.3059106044293314,1.4153846153846155,0.752274657132163,0.409633517645344,0.6061048903050779,38.0,260.0
0.8214,0.35,-0.4132090247719943,1.2145214521452146,0.5042921569614273,0.3681008613632963,0.6098632217308376,75.0,303.0
0.95,0.35,-0.5243725608976577,1.069767441860465,0.3337837231257517,0.3145685546363655,0.6236273301264459,110.0,344.0
0.05,0.35,-0.4322694053851196,2.503401360544218,0.9923115983890688,0.5322168137473082,0.6593727458404481,1.0,147.0
0.1786,0.35,-0.344540279577717,2.2439024390243905,1.0938963210531258,0.5150945736855667,0.6356295883148666,15.0,164.0
0.3071,0.35,-0.3559253438917771,1.9067357512953367,0.9057137097090922,0.49379487685105233,0.6322248753165576,27.0,193.0
0.4357,0.35,-0.26252130055368,1.9166666666666667,1.1195857368787,0.4683789335187336,0.6190724720034662,39.0,192.0
0.5643,0.35,-0.3187030611434931,1.5291666666666666,0.7900312054315042,0.44311070772453115,0.6350167117381285,67.0,240.0
0.6929,0.35,-0.2805220794676135,1.4375,0.8076779989575054,0.409633517645344,0.6124569832378313,77.0,256.0
0.8214,0.35,-0.34063954558622433,1.2559726962457338,0.6177191553496656,0.3681008613632963,0.6314035032165795,76.0,293.0
0.95,0.35,-0.5991853507298688,1.0485714285714285,0.2628105548776572,0.3145685546363655,0.6103905406127575,103.0,350.0
0.05,0.35,-0.43804650233464437,2.329113924050633,0.910160912012534,0.5322168137473082,0.6859333372174845,8.0,158.0
0.1786,0.35,-0.36745997359212146,2.2378048780487805,1.0351316923290532,0.5150945736855667,0.6290031441341264,13.0,164.0
0.3071,0.35,-0.31526539855535773,2.090909090909091,1.0885390922570952,0.49379487685105233,0.6355380173827112,22.0,176.0
0.4357,0.35,-0.3294401993279848,1.7511961722488039,0.8832903930499005,0.4683789335187336,0.6331645599838327,38.0,209.0
0.5643,0.35,-0.29579746179328087,1.5020408163265306,0.816285713265255,0.44311070772453115,0.6458174622309203,49.0,245.0
0.6929,0.35,-0.31129548456185624,1.3886792452830188,0.7293471822189699,0.409633517645344,0.58116172877295,78.0,265.0
0.8214,0.35,-0.40334591068016673,1.2105263157894737,0.5146738740949459,0.3681008613632963,0.6052223668057571,102.0,304.0
0.95,0.35,-0.4810817215147043,1.069767441860465,0.3748084060764232,0.3145685546363655,0.6116207370848037,101.0,344.0
0.05,0.35,-0.4490634714286977,2.3741935483870966,0.9026726416718814,0.5322168137473082,0.6868741175785752,1.0,155.0
0.1786,0.35,-0.4441355499109175,2.13953488372093,0.8235316841686406,0.5150945736855667,0.6561525972053701,15.0,172.0
0.3071,0.35,-0.3358200008288397,1.9891304347826086,0.98901098179808,0.49379487685105233,0.6557317757320442,27.0,184.0
0.4357,0.35,-0.28964033886372686,1.868020304568528,1.0289429002493342,0.4683789335187336,0.6189539366704299,31.0,197.0
0.5643,0.35,-0.2554226892155025,1.6283185840707965,0.9657377414339017,0.44311070772453115,0.5970307868108449,38.0,226.0
0.6929,0.35,-0.3454317157142214,1.3579335793357934,0.6606505873306441,0.409633517645344,0.6109295400277204,86.0,271.0
0.8214,0.35,-0.3984997851240036,1.1832797427652733,0.5089332348153461,0.3681008613632963,0.627014452662091,117.0,311.0
0.95,0.35,-0.40072534360914286,1.0887573964497042,0.4658048900359326,0.3145685546363655,0.61139612869234,94.0,338.0
0.05,0.35,-0.44557991615308695,2.4210526315789473,0.9285409875988079,0.5322168137473082,0.6541115453651032,5.0,152.0
0.1786,0.35,-0.3851448265255608,2.329113924050633,1.0338758217839374,0.5150945736855667,0.6448664206174878,9.0,158.0
0.3071,0.35,-0.37259684812350796,1.931578947368421,0.8829094437554602,0.49379487685105233,0.6608966909755741,27.0,190.0
0.4357,0.35,-0.2889071510594385,1.7902439024390244,0.9876814135428195,0.4683789335187336,0.6113876641454179,32.0,205.0
0.5643,0.35,-0.29066793550022396,1.5527426160337552,0.8533644442333909,0.44311070772453115,0.6252247278763013,51.0,237.0
0.6929,0.35,-0.34396495668956817,1.3796992481203008,0.6734781673366509,0.409633517645344,0.6067083660638022,70.0,266.0
0.8214,0.35,-0.3747894036980575,1.240677966101695,0.5642209700762897,0.3681008613632963,0.5766620728992212,72.0,295.0
0.95,0.35,-0.5264331980856607,1.0762463343108504,0.33389901061560784,0.3145685546363655,0.6093093084504265,88.0,341.0
0.05,0.35,-0.5211015296778737,2.30188679245283,0.7247182665011302,0.5322168137473082,0.7008441076979186,0.0,159.0
0.1786,0.35,-0.3233042485949134,2.4172185430463577,1.2360887679714438,0.5150945736855667,0.6225177382200011,14.0,151.0
0.3071,0.35,-0.3713862354047878,1.9312169312169312,0.8852280371794444,0.49379487685105233,0.6467523873365739,24.0,189.0
0.4357,0.35,-0.2884279414214917,1.7116279069767442,0.9452966317574067,0.4683789335187336,0.6304197776235948,44.0,215.0
0.5643,0.35,-0.2964256072699038,1.5659574468085107,0.8498501985005084,0.44311070772453115,0.6448577472540842,51.0,235.0
0.6929,0.35,-0.29201423229297413,1.4545454545454546,0.7970480932501169,0.409633517645344,0.603823961100365,51.0,253.0
0.8214,0.35,-0.35404567254861913,1.2307692307692308,0.5871446782241723,0.3681008613632963,0.6043779342127407,110.0,299.0
0.95,0.35,-0.5322519039048929,1.0887573964497042,0.3323632347925117,0.3145685546363655,0.6106116609036583,86.0,338.0
0.05,0.35,-0.3892973373147138,2.472972972972973,1.08706116306421,0.5322168137473082,0.6902249406142968,3.0,148.0
0.1786,0.35,-0.3914922766791054,2.2035928143712575,0.963644045369405,0.5150945736855667,0.6765748781775522,15.0,167.0
0.3071,0.35,-0.35350701121676137,2.0444444444444443,0.9765143352319925,0.49379487685105233,0.6275398603593539,25.0,180.0
0.4357,0.35,-0.27147312301689663,1.7990196078431373,1.0307997179079271,0.4683789335187336,0.6096592450156441,26.0,204.0
0.5643,0.35,-0.33374059649600746,1.5527426160337552,0.7756601035252176,0.44311070772453115,0.6331918070038725,38.0,237.0
0.6929,0.35,-0.28298742530191057,1.4698795180722892,0.8214594133695361,0.409633517645344,0.6001141234328891,58.0,249.0
0.8214,0.35,-0.4008269550803314,1.2266666666666666,0.5246797965320267,0.3681008613632963,0.6192241622103779,86.0,300.0
0.95,0.35,-0.5769906726969919,1.069767441860465,0.2869526204477457,0.3145685546363655,0.6286866699398106,110.0,344.0
0.05,0.35,-0.4498190404541369,2.437086092715232,0.9248315324690067,0.5322168137473082,0.6389809927353071,2.0,151.0
0.1786,0.35,-0.3865850011915549,2.1271676300578033,0.9410433028887271,0.5150945736855667,0.6693213001589738,12.0,173.0
0.3071,0.35,-0.25317550034108105,1.9891891891891893,1.1854486626484582,0.49379487685105233,0.6556350112863232,19.0,185.0
0.4357,0.35,-0.3198936738643743,1.7607655502392345,0.9072759520494749,0.4683789335187336,0.6240729969104986,38.0,209.0
0.5643,0.35,-0.283704205302439,1.6311111111111112,0.9101458301276589,0.44311070772453115,0.597337491167651,52.0,225.0
0.6929,0.35,-0.24721963210840406,1.4779116465863453,0.8920184098993119,0.409633517645344,0.5846667949109765,65.0,249.0
0.8214,0.35,-0.3909207360207577,1.1948051948051948,0.5232009630774983,0.3681008613632963,0.6165354980991073,81.0,308.0
0.95,0.35,-0.5655005781864102,1.069767441860465,0.296910356623342,0.3145685546363655,0.6101009029418782,134.0,344.0
0.05,0.35,-0.4543372349774768,2.343949044585987,0.879442323265896,0.5322168137473082,0.7195510702163833,5.0,157.0
0.1786,0.35,-0.31988019735143297,2.133720930232558,1.0994830143591354,0.5150945736855667,0.6597741876204983,23.0,172.0
0.3071,0.35,-0.29375195664302095,2.164705882352941,1.1816942853729322,0.49379487685105233,0.6513339262346614,20.0,170.0
0.4357,0.35,-0.26549981683009943,1.719626168224299,0.9980765850352357,0.4683789335187336,0.6433945397236964,39.0,214.0
0.5643,0.35,-0.3119069640252703,1.6222222222222222,0.8508528764034065,0.44311070772453115,0.5975279900543983,52.0,225.0
0.6929,0.35,-0.3412453395032901,1.4115384615384616,0.6932792328308676,0.409633517645344,0.6145023679177211,78.0,260.0
0.8214,0.35,-0.3313362116746691,1.20327868852459,0.6043468803931257,0.3681008613632963,0.6097898831983122,66.0,305.0
0.95,0.35,-0.502392830396009,1.0823529411764705,0.3584858584751198,0.3145685546363655,0.6213862545507959,115.0,340.0
0.05,0.35,-0.45074097635558913,2.4052287581699345,0.9106336836728774,0.5322168137473082,0.7008284941734155,4.0,153.0
0.1786,0.35,-0.33307091261071914,2.216867469879518,1.1090883347339813,0.5150945736855667,0.6548556776733279,17.0,166.0
0.3071,0.35,-0.3144573695420615,2.097142857142857,1.0937447375966698,0.49379487685105233,0.6349084320688579,20.0,175.0
0.4357,0.35,-0.2926899274521468,1.7692307692307692,0.9680548422040939,0.4683789335187336,0.6082809814268587,35.0,208.0
0.5643,0.35,-0.2624810039576783,1.5397489539748954,0.8994940115002696,0.44311070772453115,0.6447689621252946,43.0,239.0
0.6929,0.35,-0.29663150267119015,1.4319066147859922,0.7767496022442463,0.409633517645344,0.6162028802900097,72.0,257.0
0.8214,0.35,-0.40748144971841826,1.1883116883116882,0.5002529297860107,0.3681008613632963,0.6224243295310122,88.0,308.0
0.95,0.35,-0.5864206542839085,1.0635838150289016,0.2772759527216522,0.3145685546363655,0.6141891248855201,88.0,346.0
0.05,0.35,-0.4779573075307684,2.3,0.812403840463596,0.5322168137473082,0.6900437474560958,1.0,160.0
0.1786,0.35,-0.4133866717285847,2.090909090909091,0.8678128678198537,0.5150945736855667,0.7312191564643274,29.0,176.0
0.3071,0.35,-0.37756289099997586,2.021978021978022,0.9136092171791881,0.49379487685105233,0.6471734403588606,25.0,182.0
0.4357,0.35,-0.34209650243011036,1.7069767441860466,0.8367699105369991,0.4683789335187336,0.6346456396611253,34.0,215.0
0.5643,0.35,-0.3095364806042728,1.5862068965517242,0.8363401955610279,0.44311070772453115,0.630264795573783,45.0,232.0
0.6929,0.35,-0.36266963623233867,1.3333333333333333,0.6236095644623236,0.409633517645344,0.6219226348130872,55.0,276.0
0.8214,0.35,-0.2969750139662996,1.2307692307692308,0.6671381576011838,0.3681008613632963,0.6029565535570195,90.0,299.0
0.95,0.35,-0.5165782201617062,1.0952380952380953,0.34911614996702806,0.3145685546363655,0.611178093032141,98.0,336.0
0.05,0.35,-0.48593616825594493,2.271604938271605,0.7858681710044222,0.5322168137473082,0.7129040372606795,3.0,162.0
0.1786,0.35,-0.37661310076022037,2.073446327683616,0.9389415778776148,0.5150945736855667,0.6849054498583521,11.0,177.0
0.3071,0.35,-0.2874641711790322,1.947089947089947,1.0775999676699233,0.49379487685105233,0.6912445631589733,29.0,189.0
0.4357,0.35,-0.28627257130048456,1.7951219512195122,0.9960779721444074,0.4683789335187336,0.6330779886411507,41.0,205.0
0.5643,0.35,-0.3110296876398743,1.6140350877192982,0.8482052458690227,0.44311070772453115,0.6376775590222458,51.0,228.0
0.6929,0.35,-0.27802554435441135,1.3901515151515151,0.7853159804590577,0.409633517645344,0.5922419532729533,65.0,264.0
0.8214,0.35,-0.348665841524438,1.2559726962457338,0.6065682795471574,0.3681008613632963,0.6126241844247012,70.0,293.0
0.95,0.35,-0.5428730932882326,1.0791788856304985,0.3197422444677773,0.3145685546363655,0.6209452614872774,112.0,341.0
0.05,0.35,-0.440690081476291,2.3986928104575163,0.931229205802288,0.5322168137473082,0.671502779220486,3.0,153.0
0.1786,0.35,-0.33544204888456924,2.2303030303030305,1.109868910764567,0.5150945736855667,0.6495184717964824,6.0,165.0
0.3071,0.35,-0.36822426107272915,1.868020304568528,0.8625558995165299,0.49379487685105233,0.6232782605353674,22.0,197.0
0.4357,0.35,-0.3073240956864394,1.7440758293838863,0.9240855471845165,0.4683789335187336,0.6042676001571855,43.0,211.0
0.5643,0.35,-0.2921942510206925,1.5593220338983051,0.8541263043319738,0.44311070772453115,0.6068762216061728,72.0,236.0
0.6929,0.35,-0.29313773798827,1.3505535055350553,0.738247193508972,0.409633517645344,0.6213998067092413,72.0,271.0
0.8214,0.35,-0.39961020604836456,1.2026143790849673,0.5158846342659115,0.3681008613632963,0.6175316461828102,87.0,306.0
0.95,0.35,-0.5629711484838842,1.0635838150289016,0.2973930859978396,0.3145685546363655,0.613320429518272,108.0,346.0
0.05,0.35,-0.4504332970788064,2.3144654088050314,0.8769469966691095,0.5322168137473082,0.6928097304463258,6.0,159.0
0.1786,0.35,-0.3391326726993325,2.2857142857142856,1.1280091373829917,0.5150945736855667,0.6709636845278875,16.0,161.0
0.3071,0.35,-0.329864081113629,2.067415730337079,1.0417978497542393,0.49379487685105233,0.6608008492351098,23.0,178.0
0.4357,0.35,-0.3276831403562214,1.7951219512195122,0.9090201692232849,0.4683789335187336,0.6563325381952221,21.0,205.0
0.5643,0.35,-0.266183251907532,1.6069868995633187,0.9313295678869635,0.44311070772453115,0.6008288706709745,32.0,229.0
0.6929,0.35,-0.26348013022118605,1.4319066147859922,0.8347006401066055,0.409633517645344,0.6091235508824518,56.0,257.0
0.8214,0.35,-0.4202649137167964,1.1832797427652733,0.48300058471062124,0.3681008613632963,0.6227195138917102,91.0,311.0
0.95,0.35,-0.499441270421098,1.0855457227138643,0.3623879098038045,0.3145685546363655,0.6137674455995621,88.0,339.0
0.05,0.35,-0.34396495668956817,2.383116883116883,1.163280470854215,0.5322168137473082,0.6658191817021408,7.0,154.0
0.1786,0.35,-0.3709093103933457,2.0391061452513966,0.9357166673040593,0.5150945736855667,0.6810689107714729,24.0,179.0
0.3071,0.35,-0.3456928543006382,2.021978021978022,0.9831327141250569,0.49379487685105233,0.6515308507088491,26.0,182.0
0.4357,0.35,-0.32783741354285545,1.7607655502392345,0.8913144895018756,0.4683789335187336,0.6383459373887513,24.0,209.0
0.5643,0.35,-0.2874641711790322,1.5726495726495726,0.8703692046564765,0.44311070772453115,0.6114182652636244,55.0,234.0
0.6929,0.35,-0.3350453922091716,1.362962962962963,0.6788596910332351,0.409633517645344,0.6355625987790726,78.0,270.0
0.8214,0.35,-0.3282827662304382,1.2338983050847459,0.6239866821404546,0.3681008613632963,0.5952765585603665,95.0,295.0
0.95,0.35,-0.5479996137820525,1.0666666666666667,0.31145598552263276,0.3145685546363655,0.6197637810658616,117.0,345.0
0.05,0.35,-0.48532115872532994,2.361290322580645,0.8182110380638808,0.5322168137473082,0.723969658227525,-1.0,155.0
0.1786,0.35,-0.426431309531596,2.152046783625731,0.8653390087997153,0.5150945736855667,0.667768118240314,13.0,171.0
0.3071,0.35,-0.3700718376152144,1.947089947089947,0.8952280885527775,0.49379487685105233,0.6463186244669838,31.0,189.0
0.4357,0.35,-0.34196013341363996,1.7902439024390244,0.8778590580938685,0.4683789335187336,0.6534903495442864,27.0,205.0
0.5643,0.35,-0.271855698136644,1.5617021276595744,0.8940829585692727,0.44311070772453115,0.6265884707143907,59.0,235.0
0.6929,0.35,-0.35405986260407274,1.3680297397769516,0.6526043216241634,0.409633517645344,0.6547741783661096,58.0,269.0
0.8214,0.35,-0.33690152744783386,1.2474576271186442,0.6187346114377146,0.3681008613632963,0.6128877099505615,117.0,295.0
0.95,0.35,-0.5209050428556004,1.0728862973760933,0.3379661452743406,0.3145685546363655,0.6279069759800783,98.0,343.0
0.05,0.35,-0.48397765098441003,2.224242424242424,0.7734340202336132,0.5322168137473082,0.7136882143537329,7.0,165.0
0.1786,0.35,-0.3562542274760173,2.2576687116564416,1.0716019603442677,0.5150945736855667,0.6562849155286877,12.0,163.0
0.3071,0.35,-0.24274681141868681,2.152046783625731,1.3113244579693473,0.49379487685105233,0.6166605873224268,16.0,171.0
0.4357,0.35,-0.3108124137749271,1.8308457711442787,0.9626062161949928,0.4683789335187336,0.624648430327013,42.0,201.0
0.5643,0.35,-0.31706263210080005,1.546218487394958,0.8017617068781717,0.44311070772453115,0.6512886316312902,59.0,238.0
0.6929,0.35,-0.24137471271039793,1.472,0.8995643389997182,0.409633517645344,0.5956731132343672,57.0,250.0
0.8214,0.35,-0.3219347065253349,1.297872340425532,0.6657228871132772,0.3681008613632963,0.6032867873236599,93.0,282.0
0.95,0.35,-0.5736641134627904,1.0487106017191976,0.2841158797992101,0.3145685546363655,0.6193923354009497,105.0,349.0
0.05,0.35,-0.4962242123350531,2.30188679245283,0.7750408143534191,0.5322168137473082,0.7582833141014255,6.0,159.0
0.1786,0.35,-0.3519820136193639,2.271604938271605,1.0888021017456464,0.5150945736855667,0.6512571786841558,14.0,162.0
0.3071,0.35,-0.348985858243049,2.067415730337079,0.9977249717748465,0.49379487685105233,0.6489241076391578,12.0,178.0
0.4357,0.35,-0.31352306174053624,1.7511961722488039,0.915214830734747,0.4683789335187336,0.6405063785385736,30.0,209.0
0.5643,0.35,-0.32608140817380277,1.5333333333333334,0.779244648504064,0.44311070772453115,0.6248892580666551,50.0,240.0
0.6929,0.35,-0.33895831860750475,1.393939393939394,0.6881857544955008,0.409633517645344,0.5983480600026152,70.0,264.0
0.8214,0.35,-0.3797690860838493,1.2364864864864864,0.5558228194075354,0.3681008613632963,0.6183028079991064,84.0,296.0
0.95,0.35,-0.6499615676861266,1.0455840455840455,0.22182007589540434,0.3145685546363655,0.6187850560913716,101.0,351.0
0.05,0.35,-0.41305088214943225,2.414473684210526,1.002917316653931,0.5322168137473082,0.7062659583180064,3.0,152.0
0.1786,0.35,-0.2829104796777332,2.231707317073171,1.2474244733753337,0.5150945736855667,0.6124511588958845,24.0,164.0
0.3071,0.35,-0.3862718161436277,1.9114583333333333,0.8462379727932459,0.49379487685105233,0.6426572550640944,23.0,192.0
0.4357,0.35,-0.3100172499125102,1.7358490566037736,0.9142672784592994,0.4683789335187336,0.6347126489943172,38.0,212.0
0.5643,0.35,-0.311174635025195,1.5333333333333334,0.8055363982396382,0.44311070772453115,0.622072243652466,45.0,240.0
0.6929,0.35,-0.31394367130448614,1.426356589147287,0.7447510774868497,0.409633517645344,0.6100123941662627,61.0,258.0
0.8214,0.35,-0.43353358395628017,1.1986970684039089,0.4736698462179764,0.3681008613632963,0.6203019904193806,104.0,307.0
0.95,0.35,-0.6018982252940138,1.0544412607449856,0.2620484439008293,0.3145685546363655,0.6208511820617538,100.0,349.0
0.05,0.35,-0.3987196025848593,2.4630872483221475,1.058829858967001,0.5322168137473082,0.6200465955802361,4.0,149.0
0.1786,0.35,-0.3515318377410309,2.1028571428571428,1.008955815055691,0.5150945736855667,0.6958029338416405,20.0,175.0
0.3071,0.35,-0.3345833707582689,1.9891891891891893,0.9917998337131322,0.49379487685105233,0.6622891660747697,28.0,185.0
0.4357,0.35,-0.30548433412635806,1.7393364928909953,0.9253243497149407,0.4683789335187336,0.6385176000723457,34.0,211.0
0.5643,0.35,-0.3389449114791017,1.6211453744493391,0.8003812478199774,0.44311070772453115,0.6474363221187466,38.0,227.0
0.6929,0.35,-0.3000897139971864,1.381132075471698,0.7435398769358679,0.409633517645344,0.6079509250634794,68.0,265.0
0.8214,0.35,-0.43186845580489586,1.1832797427652733,0.4694974211818388,0.3681008613632963,0.5995594254952051,79.0,311.0
0.95,0.35,-0.6156092560331945,1.0544412607449856,0.2508759213736107,0.3145685546363655,0.6251239078546231,81.0,349.0
0.05,0.35,-0.4381129253758752,2.4466666666666668,0.9559404909418903,0.5322168137473082,0.6923250425524133,2.0,150.0
0.1786,0.35,-0.40677148911160416,2.1271676300578033,0.897015965532607,0.5150945736855667,0.6854084083273982,26.0,173.0
0.3071,0.35,-0.32238938725253813,2.07909604519774,1.0653575707184815,0.49379487685105233,0.6334986207891812,23.0,177.0
0.4357,0.35,-0.2924876757008381,1.6944444444444444,0.9275448809479999,0.4683789335187336,0.6475273200727185,39.0,216.0
0.5643,0.35,-0.31429754022805956,1.5228215767634854,0.7944947540564632,0.44311070772453115,0.6186924128622256,60.0,241.0
0.6929,0.35,-0.27918186951707585,1.4621513944223108,0.8239213357584424,0.409633517645344,0.6106644656446668,66.0,251.0
0.8214,0.35,-0.34596801413802214,1.2266666666666666,0.5960611452601897,0.3681008613632963,0.6107381385731789,72.0,300.0
0.95,0.35,-0.5243725608976577,1.069767441860465,0.33378372312575166,0.3145685546363655,0.6002958213815095,90.0,344.0
0.05,0.35,-0.42501528095913416,2.4210526315789473,0.9768795364879256,0.5322168137473082,0.702789147564861,6.0,152.0
0.1786,0.35,-0.33188442931286155,2.2392638036809815,1.1232859106906328,0.5150945736855667,0.6760505250898224,15.0,163.0
0.3071,0.35,-0.32379942047645505,1.9945652173913044,1.0188296920481192,0.49379487685105233,0.6212499831683784,16.0,184.0
0.4357,0.35,-0.3121550904721388,1.7777777777777777,0.9319290102179901,0.4683789335187336,0.6236295343568304,39.0,207.0
0.5643,0.35,-0.2891419986768993,1.6026200873362446,0.8837159237177449,0.44311070772453115,0.620886769528996,53.0,229.0
0.6929,0.35,-0.28759689900024377,1.373134328358209,0.7597293488133978,0.409633517645344,0.6073643298635688,59.0,268.0
0.8214,0.35,-0.3537015415507351,1.2315436241610738,0.5879765379424234,0.3681008613632963,0.6281800133337877,103.0,298.0
0.95,0.35,-0.43347598736029036,1.0952380952380953,0.4328490229213772,0.3145685546363655,0.6142687818367051,99.0,336.0
0.05,0.35,-0.47446524851949096,2.329113924050633,0.8301520218769415,0.5322168137473082,0.7087749961340092,1.0,158.0
0.1786,0.35,-0.4030724219550807,2.1904761904761907,0.9319231328943298,0.5150945736855667,0.6286442193345596,11.0,168.0
0.3071,0.35,-0.34168760470130005,1.882051282051282,0.9234472191743935,0.49379487685105233,0.6765355428576763,33.0,195.0
0.4357,0.35,-0.35054972771563353,1.7523809523809524,0.842682252503758,0.4683789335187336,0.6298067866987496,36.0,210.0
0.5643,0.35,-0.2651333166690103,1.5726495726495726,0.9134909027119122,0.44311070772453115,0.6350199492948025,48.0,234.0
0.6929,0.35,-0.24204588255892417,1.4375,0.8772293029761374,0.409633517645344,0.5978573183636954,45.0,256.0
0.8214,0.35,-0.3757702329799921,1.2348993288590604,0.5603122540870282,0.3681008613632963,0.6293962691627475,99.0,298.0
0.95,0.35,-0.5354243681887507,1.0605187319884726,0.3208827280385085,0.3145685546363655,0.6265887614753504,115.0,347.0
0.05,0.35,-0.3915740267467564,2.591549295774648,1.1330808654151416,0.5322168137473082,0.6682816112448852,1.0,142.0
0.1786,0.35,-0.34196508883964044,2.1775147928994083,1.0677481591826674,0.5150945736855667,0.6817695229013409,24.0,169.0
0.3071,0.35,-0.3446126584391514,1.9414893617021276,0.946315315008027,0.49379487685105233,0.6343294191482765,28.0,188.0
0.4357,0.35,-0.3210195010746386,1.719626168224299,0.8838572274793937,0.4683789335187336,0.6663155644751276,61.0,214.0
0.5643,0.35,-0.324654374509082,1.4838709677419355,0.7565186709392628,0.44311070772453115,0.608856452193303,41.0,248.0
0.6929,0.35,-0.3350453922091716,1.362962962962963,0.6788596910332351,0.409633517645344,0.612455990186742,56.0,270.0
0.8214,0.35,-0.4038937454105136,1.2432432432432432,0.5278925671520165,0.3681008613632963,0.6163506493810393,85.0,296.0
0.95,0.35,-0.5331607151176486,1.0701754385964912,0.32586273019310014,0.3145685546363655,0.6051036376394094,126.0,342.0
0.05,0.35,-0.36179159749733286,2.4864864864864864,1.165300602016762,0.5322168137473082,0.6814378750427795,2.0,148.0
0.1786,0.35,-0.44399913266544244,2.103448275862069,0.8099167370093248,0.5150945736855667,0.6581801771911349,10.0,174.0
0.3071,0.35,-0.3367055874445301,2.152941176470588,1.0683233962114345,0.49379487685105233,0.600084648324463,16.0,170.0
0.4357,0.35,-0.3653213324542186,1.6803652968036529,0.781128941747693,0.4683789335187336,0.6208519738334883,49.0,219.0
0.5643,0.35,-0.2609542068021986,1.6140350877192982,0.9459866466345903,0.44311070772453115,0.6445395483341096,51.0,228.0
0.6929,0.35,-0.31526539855535773,1.393939393939394,0.7256927281713969,0.409633517645344,0.6270201777426735,66.0,264.0
0.8214,0.35,-0.3769433586225669,1.190938511326861,0.5388908296828129,0.3681008613632963,0.5993950081763987,68.0,309.0
0.95,0.35,-0.5416304044447923,1.0635838150289016,0.3162330489384955,0.3145685546363655,0.615107669316103,86.0,346.0
0.05,0.35,-0.40426937115210376,2.472972972972973,1.0491048046603502,0.5322168137473082,0.6870839409314484,2.0,148.0
0.1786,0.35,-0.3896250732059631,2.0738636363636362,0.9109179084585027,0.5150945736855667,0.7062490071806895,17.0,176.0
0.3071,0.35,-0.3581064226586763,1.8969072164948453,0.8965516536596657,0.49379487685105233,0.6393655947005181,34.0,194.0
0.4357,0.35,-0.3565835188457492,1.7037037037037037,0.8080527492322751,0.4683789335187336,0.6391185688420665,25.0,216.0
0.5643,0.35,-0.24844996243738945,1.6355555555555557,0.9845823831126588,0.44311070772453115,0.5820393743158303,39.0,225.0
0.6929,0.35,-0.3066817537133702,1.3782771535580525,0.7313063768482154,0.409633517645344,0.6060221278162564,42.0,267.0
0.8214,0.35,-0.2515265670163144,1.2689655172413794,0.7589027688736172,0.3681008613632963,0.6106472873107729,67.0,290.0
0.95,0.35,-0.5605960662528152,1.0574712643678161,0.2977433068273246,0.3145685546363655,0.606648164303404,97.0,348.0
0.05,0.35,-0.4445454647740345,2.489795918367347,0.9573727296015386,0.5322168137473082,0.6623348316444433,2.0,147.0
0.1786,0.35,-0.40677148911160416,2.1271676300578033,0.897015965532607,0.5150945736855667,0.6687707445991873,18.0,173.0
0.3071,0.35,-0.32152937410132876,1.9731182795698925,1.0129951103222687,0.49379487685105233,0.672520977031778,28.0,186.0
0.4357,0.35,-0.2529323726569215,1.7440758293838863,1.039914539841652,0.4683789335187336,0.609281666109356,30.0,211.0
0.5643,0.35,-0.3142238050717639,1.5355648535564854,0.8012743478497546,0.44311070772453115,0.6449398006663943,29.0,239.0
0.6929,0.35,-0.3606304940121473,1.3592592592592592,0.6387251534686303,0.409633517645344,0.6086803423988209,84.0,270.0
0.8214,0.35,-0.3715834929422116,1.2307692307692308,0.5638998318178127,0.3681008613632963,0.639801030282187,70.0,299.0
0.95,0.35,-0.4886369326886229,1.0791788856304985,0.3707097499838236,0.3145685546363655,0.6159659729755445,108.0,341.0
0.05,0.35,-0.4229424514884943,2.3896103896103895,0.9690783431780587,0.5322168137473082,0.6727831335123595,4.0,154.0
0.1786,0.35,-0.40492403156421763,2.2303030303030305,0.9446772251344832,0.5150945736855667,0.6577451313716024,5.0,165.0
0.3071,0.35,-0.41257049383109673,1.978494623655914,0.8227738897333876,0.49379487685105233,0.6429781203426257,24.0,186.0
0.4357,0.35,-0.3491251161393055,1.6576576576576576,0.7997240007629602,0.4683789335187336,0.6545294630505405,58.0,222.0
0.5643,0.35,-0.3606399280250268,1.5269709543568464,0.7175184552303757,0.44311070772453115,0.6347037061479425,73.0,241.0
0.6929,0.35,-0.33660899171852593,1.3430656934306568,0.6665956237565474,0.409633517645344,0.6257687368916557,91.0,274.0
0.8214,0.35,-0.411192338158604,1.1572327044025157,0.4828452256017418,0.3681008613632963,0.6259695248496289,93.0,318.0
0.95,0.35,-0.5965479042060878,1.0574712643678161,0.2672259295991418,0.3145685546363655,0.6123348865992819,72.0,348.0
0.05,0.35,-0.45371358761726416,2.271604938271605,0.8536392055833348,0.5322168137473082,0.7158350207357242,8.0,162.0
0.1786,0.35,-0.3779663673413702,2.2303030303030305,1.0067905347687314,0.5150945736855667,0.6421408315936795,9.0,165.0
0.3071,0.35,-0.35425782055805594,1.9114583333333333,0.911428570942647,0.49379487685105233,0.6519058619405979,29.0,192.0
0.4357,0.35,-0.32240198759875616,1.7864077669902914,0.9153543049710283,0.4683789335187336,0.6244134240450037,29.0,206.0
0.5643,0.35,-0.2683882112595083,1.5333333333333334,0.8844332774281067,0.44311070772453115,0.6182081225203612,62.0,240.0
0.6929,0.35,-0.34399318372874516,1.3430656934306568,0.6555541056735096,0.409633517645344,0.6505746509643318,71.0,274.0
0.8214,0.35,-0.38948917734142796,1.2026143790849673,0.5284021681413787,0.3681008613632963,0.5950198743146224,103.0,306.0
0.95,0.35,-0.5625585549914153,1.063768115942029,0.2978040472821176,0.3145685546363655,0.6261050265363818,89.0,345.0
0.05,0.35,-0.4220831382719315,2.308176100628931,0.9380139968554545,0.5322168137473082,0.6967009898457832,0.0,159.0
0.1786,0.35,-0.4243187576272782,2.133720930232558,0.8624074557855373,0.5150945736855667,0.6790291145586913,8.0,172.0
0.3071,0.35,-0.34301123567137165,1.947089947089947,0.952498523019309,0.49379487685105233,0.6748872248937438,20.0,189.0
0.4357,0.35,-0.2998201387623492,1.7692307692307692,0.9530393610279897,0.4683789335187336,0.6199532057828699,37.0,208.0
0.5643,0.35,-0.26154581250203157,1.6069868995633187,0.9406604131825763,0.44311070772453115,0.6191805769066897,46.0,229.0
0.6929,0.35,-0.3117915394987474,1.3680297397769516,0.7177128474937264,0.409633517645344,0.6201787940370004,88.0,269.0
0.8214,0.35,-0.3251208484215597,1.2440677966101694,0.6335991317942278,0.3681008613632963,0.5899554067561579,71.0,295.0
0.95,0.35,-0.7125382267133438,1.0308988764044944,0.17304373967709483,0.3145685546363655,0.6190274666796649,67.0,356.0
0.05,0.35,-0.40743074368247895,2.469798657718121,1.0398570305696087,0.5322168137473082,0.683593597296766,4.0,149.0
0.1786,0.35,-0.3919340290137678,2.067415730337079,0.9031499534430824,0.5150945736855667,0.6768521314891439,24.0,178.0
0.3071,0.35,-0.3310939594282424,1.9731182795698925,0.9915383708403085,0.49379487685105233,0.6492236819669829,23.0,186.0
0.4357,0.35,-0.3510432599712773,1.7069767441860466,0.8199249395133138,0.4683789335187336,0.6623686178817381,52.0,215.0
0.5643,0.35,-0.3087989900608822,1.5617021276595744,0.8247638453725835,0.44311070772453115,0.6557449165082815,50.0,235.0
0.6929,0.35,-0.26418884760708405,1.491869918699187,0.8683311248760168,0.409633517645344,0.607797111517256,69.0,246.0
0.8214,0.35,-0.3213715697402938,1.2440677966101694,0.6389268509206264,0.3681008613632963,0.6368188796205587,92.0,295.0
0.95,0.35,-0.4155637487635959,1.105105105105105,0.4562588476951039,0.3145685546363655,0.6131684702183254,97.0,333.0
0.05,0.35,-0.3969263376416664,2.437086092715232,1.0521259395091656,0.5322168137473082,0.711762801330358,2.0,151.0
0.1786,0.35,-0.31817877834239033,2.2378048780487805,1.1574931115954161,0.5150945736855667,0.6357114808801106,14.0,164.0
0.3071,0.35,-0.3412328890932847,1.90625,0.9362839335194568,0.49379487685105233,0.6508781528193935,38.0,192.0
0.4357,0.35,-0.336502694645883,1.84,0.913454979733539,0.4683789335187336,0.6333462098925756,26.0,200.0
0.5643,0.35,-0.25969513444338665,1.5269709543568464,0.8973790532051963,0.44311070772453115,0.610077562472704,41.0,241.0
0.6929,0.35,-0.3143897377844484,1.3901515151515151,0.7251290217990727,0.409633517645344,0.6301794811430026,43.0,264.0
0.8214,0.35,-0.35645866298516937,1.20327868852459,0.5708685396357213,0.3681008613632963,0.5903233045923643,96.0,305.0
0.95,0.35,-0.5332192727011891,1.0544412607449856,0.32101922233033625,0.3145685546363655,0.6136266403392933,103.0,349.0
0.05,0.35,-0.3767762703592953,2.548611111111111,1.1536768582275874,0.5322168137473082,0.6358041246974462,1.0,144.0
0.1786,0.35,-0.37107115363864906,2.1588235294117646,0.9902814950539907,0.5150945736855667,0.6523256874507462,22.0,170.0
0.3071,0.35,-0.35727205373569254,2.090909090909091,0.9901373141269075,0.49379487685105233,0.650944121030041,24.0,176.0
0.4357,0.35,-0.28277271122134756,1.8217821782178218,1.0185996950187473,0.4683789335187336,0.6160765400801661,44.0,202.0
0.5643,0.35,-0.3102097999022756,1.6,0.8423569417956406,0.44311070772453115,0.6496846897258534,55.0,230.0
0.6929,0.35,-0.31165836123170443,1.4488188976377954,0.7603217451699724,0.409633517645344,0.6117970008821756,84.0,254.0
0.8214,0.35,-0.3529835723104213,1.1986970684039089,0.5732343769379659,0.3681008613632963,0.6268744707655284,79.0,307.0
0.95,0.35,-0.7027202502590231,1.0337078651685394,0.18047616184504506,0.3145685546363655,0.6332188104315146,107.0,356.0
0.05,0.35,-0.40164141507924284,2.3594771241830066,1.0072571900276104,0.5322168137473082,0.73144088109532,1.0,153.0
0.1786,0.35,-0.3659290569890223,2.1775147928994083,1.010813007520037,0.5150945736855667,0.6680506494979019,18.0,169.0
0.3071,0.35,-0.3825879705327942,1.9891891891891893,0.8882974251672703,0.49379487685105233,0.6486392015714767,27.0,185.0
0.4357,0.35,-0.31734686317250127,1.7951219512195122,0.9302376353914261,0.4683789335187336,0.6451025177494542,31.0,205.0
0.5643,0.35,-0.34569448861961405,1.5228215767634854,0.7404284991516872,0.44311070772453115,0.6370905576171347,47.0,241.0
0.6929,0.35,-0.3116583612317045,1.4488188976377954,0.7603217451699723,0.409633517645344,0.5863674991567699,58.0,254.0
0.8214,0.35,-0.35248937450020723,1.2026143790849673,0.5757572691645814,0.3681008613632963,0.6130089650513654,83.0,306.0
0.95,0.35,-0.5094101507917338,1.0666666666666667,0.34668896249372555,0.3145685546363655,0.6029929908955706,86.0,345.0
0.05,0.35,-0.45751188959827566,2.3525641025641026,0.8756278859246147,0.5322168137473082,0.7241980599335119,6.0,156.0
0.1786,0.35,-0.426431309531596,2.152046783625731,0.8653390087997153,0.5150945736855667,0.6777054817661071,15.0,171.0
0.3071,0.35,-0.3260168969039112,1.9312169312169312,0.9815920016497445,0.49379487685105233,0.6489176061193678,23.0,189.0
0.4357,0.35,-0.3053898544896096,1.812807881773399,0.9646120216196502,0.4683789335187336,0.6067055669382536,49.0,203.0
0.5643,0.35,-0.2704538461485434,1.6167400881057268,0.9283977663814248,0.44311070772453115,0.6310325831966839,47.0,227.0
0.6929,0.35,-0.25104351204358333,1.4603174603174602,0.8742415638239579,0.409633517645344,0.5850641246887542,54.0,252.0
0.8214,0.35,-0.39137786922462264,1.2225913621262459,0.534790854693924,0.3681008613632963,0.6180206151287371,66.0,301.0
0.95,0.35,-0.5965479042060878,1.0574712643678161,0.2672259295991418,0.3145685546363655,0.6086009648218081,122.0,348.0
0.05,0.35,-0.41809196512392743,2.506849315068493,1.0286750045399589,0.5322168137473082,0.6850866039570079,3.0,146.0
0.1786,0.35,-0.35844570838514095,2.1588235294117646,1.0195493950065055,0.5150945736855667,0.704321335775648,12.0,170.0
0.3071,0.35,-0.33533621605065045,2.0558659217877095,1.0233075434060612,0.49379487685105233,0.6255866432635252,17.0,179.0
0.4357,0.35,-0.29797362838398295,1.7476190476190476,0.9452231017162775,0.4683789335187336,0.6340955085231416,37.0,210.0
0.5643,0.35,-0.3358658008855079,1.5862068965517242,0.7885928707606394,0.44311070772453115,0.6356124739586083,52.0,232.0
0.6929,0.35,-0.25475633801889014,1.3579335793357934,0.8065242332141839,0.409633517645344,0.6211007782254627,82.0,271.0
0.8214,0.35,-0.34462244102611156,1.2559726962457338,0.612169107615985,0.3681008613632963,0.6125565143937068,73.0,293.0
0.95,0.35,-0.5289239730872033,1.0919881305637982,0.3364519355028692,0.3145685546363655,0.611474701932275,102.0,337.0
0.05,0.35,-0.4206848956518605,2.343949044585987,0.9557961019413861,0.5322168137473082,0.7128439990614991,12.0,157.0
0.1786,0.35,-0.4264313095315961,2.0444444444444443,0.8220720583597294,0.5150945736855667,0.699338746953055,8.0,180.0
0.3071,0.35,-0.308087392700047,1.9067357512953367,1.0085675563217618,0.49379487685105233,0.6482548502587812,37.0,193.0
0.4357,0.35,-0.27587547407074553,1.812807881773399,1.028861103350272,0.4683789335187336,0.6153111534291088,21.0,203.0
0.5643,0.35,-0.3141879430524203,1.5206611570247934,0.793560587382334,0.44311070772453115,0.6575575444760398,45.0,242.0
0.6929,0.35,-0.33687492001864583,1.3782771535580525,0.6836616754519632,0.409633517645344,0.6600938785154047,61.0,267.0
0.8214,0.35,-0.3638973579933355,1.2152317880794703,0.566767100557439,0.3681008613632963,0.5955740664789787,49.0,302.0
0.95,0.35,-0.5234668405019968,1.0544412607449856,0.32982419579430766,0.3145685546363655,0.6157449921612056,114.0,349.0
0.05,0.35,-0.472893689837291,2.3896103896103895,0.8551728640599651,0.5322168137473082,0.6938133713281921,0.0,154.0
0.1786,0.35,-0.4314871744183195,2.2439024390243905,0.8911622393387859,0.5150945736855667,0.6385998688172995,15.0,164.0
0.3071,0.35,-0.37550395684265403,1.9572192513368984,0.8886020806925923,0.49379487685105233,0.6381250875396648,25.0,187.0
0.4357,0.35,-0.280209785959443,1.812807881773399,1.0192402741697375,0.4683789335187336,0.6430088837983117,24.0,203.0
0.5643,0.35,-0.32916527267667883,1.5593220338983051,0.7869957129656882,0.44311070772453115,0.6770715017638153,46.0,236.0
0.6929,0.35,-0.3514244178957794,1.3443223443223444,0.6451671550837812,0.409633517645344,0.6144449216341469,55.0,273.0
0.8214,0.35,-0.41249964215546653,1.218543046357616,0.5068280758582114,0.3681008613632963,0.6129117431410455,72.0,302.0
0.95,0.35,-0.6734678115801899,1.036619718309859,0.20226842896919708,0.3145685546363655,0.6256604802581534,102.0,355.0
0.05,0.35,-0.4410177663343133,2.47972972972973,0.961906851945055,0.5322168137473082,0.691925220864882,7.0,148.0
0.1786,0.35,-0.2897300202795643,2.3227848101265822,1.2791857939585907,0.5150945736855667,0.6252573789964442,15.0,158.0
0.3071,0.35,-0.32080648102127846,1.947089947089947,1.0012449907949905,0.49379487685105233,0.6044646189853199,29.0,189.0
0.4357,0.35,-0.31281073055263037,1.727699530516432,0.9043623353843036,0.4683789335187336,0.6415806514357174,36.0,213.0
0.5643,0.35,-0.2856018733223979,1.665158371040724,0.9253144737715401,0.44311070772453115,0.5970080985170895,39.0,221.0
0.6929,0.35,-0.3142490458824413,1.3285198555956679,0.6931971998710067,0.409633517645344,0.6164605850195021,89.0,277.0
0.8214,0.35,-0.3100705352818897,1.2577319587628866,0.6623661197611963,0.3681008613632963,0.6136222440695713,65.0,291.0
0.95,0.35,-0.4968930805001433,1.0791788856304985,0.3627128562565336,0.3145685546363655,0.6106580673025627,86.0,341.0
0.05,0.35,-0.37789461523828516,2.392156862745098,1.0800344591310125,0.5322168137473082,0.6680115197097146,2.0,153.0
0.1786,0.35,-0.46336077670079634,2.07909604519774,0.7624397924446255,0.5150945736855667,0.6998496759846659,12.0,177.0
0.3071,0.35,-0.3158057594201872,1.967914438502674,1.023278485549946,0.49379487685105233,0.6426158503541242,36.0,187.0
0.4357,0.35,-0.3173839590885847,1.868020304568528,0.9679339237809566,0.4683789335187336,0.6311712642897924,36.0,197.0
0.5643,0.35,-0.2685427248678021,1.6355555555555557,0.9430813693079736,0.44311070772453115,0.6182148143143319,67.0,225.0
0.6929,0.35,-0.3045516850458386,1.4431372549019608,0.7693274123775922,0.409633517645344,0.6202455129528538,65.0,255.0
0.8214,0.35,-0.42770485352370996,1.1986970684039089,0.48049743099897785,0.3681008613632963,0.6253014989398168,56.0,307.0
0.95,0.35,-0.5329628310823556,1.0791788856304985,0.32878595702460905,0.3145685546363655,0.6165240705982552,129.0,341.0
0.05,0.35,-0.41746893017503817,2.3986928104575163,0.9857804000576663,0.5322168137473082,0.6614643359671603,6.0,153.0
0.1786,0.35,-0.4102641610830724,2.061797752808989,0.8621902626356402,0.5150945736855667,0.6967218014636334,18.0,178.0
0.3071,0.35,-0.34687230181556095,1.9214659685863875,0.9317606750921321,0.49379487685105233,0.6851768496298398,25.0,191.0
0.4357,0.35,-0.26805887972167064,1.695852534562212,0.9788695334452906,0.4683789335187336,0.6456182153510216,48.0,217.0
0.5643,0.35,-0.2848890385069185,1.5726495726495726,0.8752654231496614,0.44311070772453115,0.6287859148811333,38.0,234.0
0.6929,0.35,-0.28691366941894125,1.4738955823293172,0.8166940933476857,0.409633517645344,0.610945254251297,70.0,249.0
0.8214,0.35,-0.3068793801833811,1.2440677966101694,0.6598076726555588,0.3681008613632963,0.6077925324465993,88.0,295.0
0.95,0.35,-0.6338576593130402,1.0455840455840455,0.23431208199375597,0.3145685546363655,0.6113570555889324,104.0,351.0
0.05,0.35,-0.40150790170622014,2.4078947368421053,1.0282539055033175,0.5322168137473082,0.642433969423368,7.0,152.0
0.1786,0.35,-0.3777574092131994,2.0164835164835164,0.9107132497963709,0.5150945736855667,0.6549422951503058,30.0,182.0
0.3071,0.35,-0.3215967615115905,1.8969072164948453,0.9737221187726492,0.49379487685105233,0.6402561553233995,31.0,194.0
0.4357,0.35,-0.3329922367232684,1.7864077669902914,0.8938895637452557,0.4683789335187336,0.6583132663553015,49.0,206.0
0.5643,0.35,-0.27545365638969865,1.6194690265486726,0.9199709890654493,0.44311070772453115,0.6569795465232943,50.0,226.0
0.6929,0.35,-0.28892780744380997,1.4375,0.793036096278095,0.409633517645344,0.6003292268896628,62.0,256.0
0.8214,0.35,-0.3654842437665074,1.2559726962457338,0.5836277267973026,0.3681008613632963,0.6195312934622835,80.0,293.0
0.95,0.35,-0.581623093124303,1.0666666666666667,0.28215869040319896,0.3145685546363655,0.6395643661992738,78.0,345.0
0.05,0.35,-0.4173257924418143,2.3896103896103895,0.9823883454066203,0.5322168137473082,0.7323631819473524,-1.0,154.0
0.1786,0.35,-0.3777490342963181,2.067415730337079,0.9337342307558081,0.5150945736855667,0.7069793853687247,18.0,178.0
0.3071,0.35,-0.36139107487401223,2.0277777777777777,0.9512013197095996,0.49379487685105233,0.645513784384775,32.0,180.0
0.4357,0.35,-0.3404911710868775,1.719626168224299,0.846039619533209,0.4683789335187336,0.6224560853464005,33.0,214.0
0.5643,0.35,-0.33694144357283595,1.5397489539748954,0.7636413124829647,0.44311070772453115,0.6226364306626702,48.0,239.0
0.6929,0.35,-0.2787821881333593,1.4431372549019608,0.8139120976676286,0.409633517645344,0.5932472449022752,45.0,255.0
0.8214,0.35,-0.3784326838691255,1.2646048109965635,0.5702396841977055,0.3681008613632963,0.611104591066405,95.0,291.0
0.95,0.35,-0.6188580882486558,1.0455840455840455,0.24617099233308204,0.3145685546363655,0.6058450334977565,79.0,351.0
0.05,0.35,-0.44147283190450215,2.3790849673202614,0.921823540510535,0.5322168137473082,0.7054671341147956,5.0,153.0
0.1786,0.35,-0.38436497083251264,2.225609756097561,0.9897414019993545,0.5150945736855667,0.6682649151914704,6.0,164.0
0.3071,0.35,-0.32755464745505564,1.967914438502674,0.996806361918158,0.49379487685105233,0.6657536051504936,34.0,187.0
0.4357,0.35,-0.36858375306693864,1.6803652968036529,0.7752612485765986,0.4683789335187336,0.6358510028241064,42.0,219.0
0.5643,0.35,-0.3025905059054232,1.4488188976377954,0.7757004598570294,0.44311070772453115,0.6547927512696259,77.0,254.0
0.6929,0.35,-0.3483065569011256,1.3849056603773584,0.6693833339005455,0.409633517645344,0.6153184448568143,68.0,265.0
0.8214,0.35,-0.328826179083936,1.248299319727891,0.6305006909528762,0.3681008613632963,0.6190855056544138,77.0,294.0
0.95,0.35,-0.5162321359204456,1.0605187319884726,0.3383682944293824,0.3145685546363655,0.6230953846896689,103.0,347.0
0.05,0.35,-0.4483852666356856,2.367741935483871,0.9017499463048334,0.5322168137473082,0.6996657881844125,6.0,155.0
0.1786,0.35,-0.3777490342963181,2.067415730337079,0.9337342307558081,0.5150945736855667,0.6824747370540205,25.0,178.0
0.3071,0.35,-0.37070568171332663,1.9166666666666667,0.8799463367476199,0.49379487685105233,0.6415437657069518,24.0,192.0
0.4357,0.35,-0.32665473528468053,1.68348623853211,0.8544555390184125,0.4683789335187336,0.6269635148373391,54.0,218.0
0.5643,0.35,-0.3260303111137704,1.546218487394958,0.7858827842513068,0.44311070772453115,0.634335604125403,58.0,238.0
0.6929,0.35,-0.3259103045019912,1.3840304182509506,0.7036378252970761,0.409633517645344,0.6156163337452959,48.0,263.0
0.8214,0.35,-0.43787071494212365,1.1832797427652733,0.46259805482642735,0.3681008613632963,0.6192472693832484,98.0,311.0
0.95,0.35,-0.5864206542839085,1.0635838150289016,0.2772759527216522,0.3145685546363655,0.6192268500242174,108.0,346.0
0.05,0.35,-0.340912424415707,2.3986928104575163,1.1790096058695299,0.5322168137473082,0.677244304010062,3.0,153.0
0.1786,0.35,-0.37583184681151616,2.271604938271605,1.0305499631955164,0.5150945736855667,0.6955695792609962,16.0,162.0
0.3071,0.35,-0.3456928543006382,2.021978021978022,0.9831327141250569,0.49379487685105233,0.6380932809633418,25.0,182.0
0.4357,0.35,-0.33523124006959665,1.7428571428571429,0.8677126079918553,0.4683789335187336,0.6838028227606592,44.0,210.0
0.5643,0.35,-0.28505609390438047,1.6167400881057268,0.8994770572386328,0.44311070772453115,0.6301245739179456,52.0,227.0
0.6929,0.35,-0.3484980862789403,1.3646616541353382,0.6593110426313288,0.409633517645344,0.6114470514988649,76.0,266.0
0.8214,0.35,-0.3932143839686672,1.251700680272109,0.545152258765964,0.3681008613632963,0.6111124369307015,72.0,294.0
0.95,0.35,-0.6052006127230393,1.0454545454545454,0.25712973861329,0.3145685546363655,0.6100107846238942,94.0,352.0
0.05,0.35,-0.4410177663343133,2.47972972972973,0.961906851945055,0.5322168137473082,0.6852305277113255,4.0,148.0
0.1786,0.35,-0.3375675779708258,2.164705882352941,1.0720739529312486,0.5150945736855667,0.667733099045514,17.0,170.0
0.3071,0.35,-0.31556000540775964,2.0444444444444443,1.0636531505577174,0.49379487685105233,0.6199092714567348,30.0,180.0
0.4357,0.35,-0.3329135840398951,1.7037037037037037,0.8526566246830621,0.4683789335187336,0.6607524398886192,37.0,216.0
0.5643,0.35,-0.27506130109326,1.6428571428571428,0.9340497736158585,0.44311070772453115,0.595832385163392,56.0,224.0
0.6929,0.35,-0.3344910624691801,1.3579335793357934,0.67719968985709,0.409633517645344,0.6006581226937295,89.0,271.0
0.8214,0.35,-0.377500872362354,1.218543046357616,0.550665337906951,0.3681008613632963,0.5946017313038063,80.0,302.0
0.95,0.35,-0.5293725727352326,1.0574712643678161,0.32541121073315094,0.3145685546363655,0.6216013251870725,122.0,348.0
0.05,0.35,-0.39379343581941834,2.4078947368421053,1.0472725425567844,0.5322168137473082,0.6834222711431974,3.0,152.0
0.1786,0.35,-0.4104532521259595,2.271604938271605,0.9494942861764817,0.5150945736855667,0.6713239590517326,15.0,162.0
0.3071,0.35,-0.32407047397761607,2.021978021978022,1.0322068748482542,0.49379487685105233,0.6277729111170582,29.0,182.0
0.4357,0.35,-0.263490241436139,1.7523809523809524,1.0214923944984322,0.4683789335187336,0.6255611554716297,40.0,210.0
0.5643,0.35,-0.33244215444471104,1.5726495726495726,0.7879025419823258,0.44311070772453115,0.5874716797911382,47.0,234.0
0.6929,0.35,-0.2740076130745293,1.4153846153846155,0.8065559772134221,0.409633517645344,0.5875718976413828,43.0,260.0
0.8214,0.35,-0.4356737084470775,1.2145214521452146,0.4773970457688049,0.3681008613632963,0.6220322146999273,92.0,303.0
0.95,0.35,-0.4729832318470474,1.0985074626865672,0.3930335663434697,0.3145685546363655,0.5973527445069258,119.0,335.0
0.05,0.35,-0.39441833643643975,2.437086092715232,1.0584016372344796,0.5322168137473082,0.6820257861777764,0.0,151.0
0.1786,0.35,-0.3712047689931893,2.07909604519774,0.953413893816433,0.5150945736855667,0.6844725972931323,16.0,177.0
0.3071,0.35,-0.30562643335656514,2.067415730337079,1.099517287435961,0.49379487685105233,0.6255540025414769,20.0,178.0
0.4357,0.35,-0.3197938295769666,1.7777777777777777,0.9162456945817024,0.4683789335187336,0.6444256033463316,28.0,207.0
0.5643,0.35,-0.304068864965893,1.5397489539748954,0.8217044866226093,0.44311070772453115,0.6597184610801133,55.0,239.0
0.6929,0.35,-0.3177799696191016,1.3886792452830188,0.7189248727009726,0.409633517645344,0.632420971300702,85.0,265.0
0.8214,0.35,-0.31438352129255887,1.2432432432432432,0.6485078676055042,0.3681008613632963,0.5922096906800945,94.0,296.0
0.95,0.35,-0.6018982252940138,1.0544412607449856,0.26204844390082926,0.3145685546363655,0.6172267208650319,112.0,349.0
0.05,0.35,-0.42941791292713216,2.4466666666666668,0.9766382248418408,0.5322168137473082,0.6778555439956907,2.0,150.0
0.1786,0.35,-0.40423672436442093,2.164705882352941,0.9184008970011172,0.5150945736855667,0.6985093697195611,15.0,170.0
0.3071,0.35,-0.3980783839616251,1.9837837837837837,0.8540882647954828,0.49379487685105233,0.6422106505746359,24.0,185.0
0.4357,0.35,-0.3243241868884131,1.8585858585858586,0.9482583824043003,0.4683789335187336,0.6343812565230167,26.0,198.0
0.5643,0.35,-0.28964033886372686,1.6428571428571428,0.9049185328085663,0.44311070772453115,0.6005313839372247,57.0,224.0
0.6929,0.35,-0.31531447715254385,1.4153846153846155,0.7367769246429957,0.409633517645344,0.6095908286565481,71.0,260.0
0.8214,0.35,-0.40266272291950034,1.2145214521452146,0.5172155253903561,0.3681008613632963,0.6231340167573599,69.0,303.0
0.95,0.35,-0.6188580882486558,1.0455840455840455,0.24617099233308204,0.3145685546363655,0.6221513134730476,108.0,351.0
0.05,0.35,-0.4452582460097653,2.358974358974359,0.9054586452825424,0.5322168137473082,0.674459937339472,7.0,156.0
0.1786,0.35,-0.3789458742785486,2.1588235294117646,0.9722979593721813,0.5150945736855667,0.6649292464671551,9.0,170.0
0.3071,0.35,-0.29909158119059154,2.0331491712707184,1.0969598998809515,0.49379487685105233,0.6401072881168461,31.0,181.0
0.4357,0.35,-0.3077355036770936,1.7644230769230769,0.9340171993588902,0.4683789335187336,0.6203357527415154,48.0,208.0
0.5643,0.35,-0.29660861758284746,1.6502242152466369,0.8952227189608554,0.44311070772453115,0.6019056921322314,44.0,223.0
0.6929,0.35,-0.4011659444214802,1.2867132867132867,0.5499189720653846,0.409633517645344,0.6522804052224457,89.0,286.0
0.8214,0.35,-0.35291291633432925,1.251700680272109,0.5986781063589606,0.3681008613632963,0.6051554480149399,98.0,294.0
0.95,0.35,-0.5102346840545199,1.0828402366863905,0.35116236982148613,0.3145685546363655,0.610514837712449,107.0,338.0
0.05,0.35,-0.38282514286007757,2.537931034482759,1.132715319594362,0.5322168137473082,0.6927039565917293,8.0,145.0
0.1786,0.35,-0.3872919605696615,2.164705882352941,0.9560588072428255,0.5150945736855667,0.670300248198425,13.0,170.0
0.3071,0.35,-0.38850139394621946,1.9891891891891893,0.8760426324883855,0.49379487685105233,0.6630761902993164,8.0,185.0
0.4357,0.35,-0.3046813705134308,1.7607655502392345,0.9383847404502402,0.4683789335187336,0.6273172401052511,39.0,209.0
0.5643,0.35,-0.29850606969038096,1.5165289256198347,0.8192767529495996,0.44311070772453115,0.6520218914997716,33.0,242.0
0.6929,0.35,-0.17030736589313433,1.4431372549019608,1.0231161362327912,0.409633517645344,0.5789597744364183,60.0,255.0
0.8214,0.35,-0.47058482777738775,1.1650793650793652,0.4194322429184443,0.3681008613632963,0.6135603813104611,78.0,315.0
0.95,0.35,-0.6110384674039518,1.0424929178470255,0.25169457542482926,0.3145685546363655,0.6251757759673018,95.0,353.0
0.05,0.35,-0.40169296576039765,2.279503105590062,0.9729967802939561,0.5322168137473082,0.7011167749615161,6.0,161.0
0.1786,0.35,-0.3368749200186459,2.067415730337079,1.0254925131779447,0.5150945736855667,0.686522608140436,16.0,178.0
0.3071,0.35,-0.33472849124267084,1.9067357512953367,0.9503782817168912,0.49379487685105233,0.6376705643499543,24.0,193.0
0.4357,0.35,-0.32001853172248784,1.7523809523809524,0.9027044275103075,0.4683789335187336,0.6228818876258915,46.0,210.0
0.5643,0.35,-0.33895831860750475,1.5862068965517242,0.783107927529363,0.44311070772453115,0.6233563281478991,60.0,232.0
0.6929,0.35,-0.2865369135208095,1.4838709677419355,0.8228968399241353,0.409633517645344,0.6035743154946577,64.0,248.0
0.8214,0.35,-0.2931605657855915,1.248299319727891,0.6823183510476675,0.3681008613632963,0.6159796364195278,96.0,294.0
0.95,0.35,-0.5303849392767103,1.0728862973760933,0.32922668719517445,0.3145685546363655,0.6256302338631949,105.0,343.0
0.05,0.35,-0.43549952464397595,2.4052287581699345,0.9458399351707547,0.5322168137473082,0.7002263430487315,7.0,153.0
0.1786,0.35,-0.42841926789019347,2.0331491712707184,0.8135628788596669,0.5150945736855667,0.711836188654561,22.0,181.0
0.3071,0.35,-0.35465653033410355,2.0331491712707184,0.9685699003071906,0.49379487685105233,0.6608643005236453,24.0,181.0
0.4357,0.35,-0.32044556113868616,1.7815533980582525,0.9168590931343871,0.4683789335187336,0.6115286527839083,56.0,206.0
0.5643,0.35,-0.25483464630674413,1.7116279069767442,1.0164254058871358,0.44311070772453115,0.6241255249305017,53.0,215.0
0.6929,0.35,-0.2824736673359387,1.400763358778626,0.7837077839129951,0.409633517645344,0.5951241114349114,65.0,262.0
0.8214,0.35,-0.36986089303528125,1.2559726962457338,0.5777502790306847,0.3681008613632963,0.6202431151216068,56.0,293.0
0.95,0.35,-0.5150908350565422,1.069767441860465,0.34238213637989434,0.3145685546363655,0.5994468932891733,110.0,344.0
0.05,0.35,-0.44071749521294923,2.437086092715232,0.9460700094531693,0.5322168137473082,0.6862510128166869,5.0,151.0
0.1786,0.35,-0.356702439276607,2.1987951807228914,1.0425864473595168,0.5150945736855667,0.6794919240541216,17.0,166.0
0.3071,0.35,-0.347777381184457,1.9067357512953367,0.922716319816963,0.49379487685105233,0.668641485505046,35.0,193.0
0.4357,0.35,-0.32274242186286056,1.812807881773399,0.928176079745524,0.4683789335187336,0.6549458088164725,39.0,203.0
0.5643,0.35,-0.25498153607028856,1.6355555555555557,0.9709458288025836,0.44311070772453115,0.6504360799619762,40.0,225.0
0.6929,0.35,-0.38344279047000446,1.3285198555956679,0.5920797741791531,0.409633517645344,0.60258457232513,67.0,277.0
0.8214,0.35,-0.3938074252167768,1.2065573770491804,0.5247540727539032,0.3681008613632963,0.6038549392906761,82.0,305.0
0.95,0.35,-0.5629711484838842,1.0635838150289016,0.2973930859978396,0.3145685546363655,0.6075915775283753,45.0,346.0
0.05,0.35,-0.41071697171791505,2.503401360544218,1.0457178614293794,0.5322168137473082,0.6969444931075858,2.0,147.0
0.1786,0.35,-0.36962001912991044,2.358974358974359,1.0857392492174425,0.5150945736855667,0.61404054848143,4.0,156.0
0.3071,0.35,-0.33346464059847525,1.8871794871794871,0.943310995616514,0.49379487685105233,0.6315480974535508,35.0,195.0
0.4357,0.35,-0.2542241130592485,1.7815533980582525,1.059331862412088,0.4683789335187336,0.6388850403496361,28.0,206.0
0.5643,0.35,-0.32662255516692446,1.5751072961373391,0.7995052716991073,0.44311070772453115,0.5927592997440243,42.0,233.0
0.6929,0.35,-0.28631661022449384,1.4045801526717556,0.7792992149850484,0.409633517645344,0.6120915090436488,63.0,262.0
0.8214,0.35,-0.38038457930641195,1.1986970684039089,0.538061058822065,0.3681008613632963,0.5962140533357466,92.0,307.0
0.95,0.35,-0.5175391450071425,1.0760233918128654,0.34209276730315,0.3145685546363655,0.6103931033056459,116.0,342.0
0.05,0.35,-0.43847670842654807,2.4052287581699345,0.9389043015872176,0.5322168137473082,0.7086615171443275,2.0,153.0
0.1786,0.35,-0.3618475384216244,2.361290322580645,1.1064845288059804,0.5150945736855667,0.6389879496005246,13.0,155.0
0.3071,0.35,-0.38178317527607997,2.0558659217877095,0.9198048760231671,0.49379487685105233,0.6388946286788428,15.0,179.0
0.4357,0.35,-0.33121511355338723,1.688073394495413,0.8480657723586512,0.4683789335187336,0.6394383966224811,60.0,218.0
0.5643,0.35,-0.2812125698594724,1.719626168224299,0.9647467589206684,0.44311070772453115,0.6225688261720204,33.0,214.0
0.6929,0.35,-0.3297361883087222,1.4448818897637796,0.728303893201953,0.409633517645344,0.5957638603659843,86.0,254.0
0.8214,0.35,-0.35671248322005794,1.2646048109965635,0.5996145083320482,0.3681008613632963,0.6013231003637053,63.0,291.0
0.95,0.35,-0.49378640220660414,1.0919881305637982,0.3700523980562586,0.3145685546363655,0.6092749379565086,95.0,337.0
